Crypto_Id,Crypto_Symbol,Crypto_Name,Image_Url,Current_Price,Market_Cap,Market_Cap_Rank,Fully_Diluted_Valuation,24H_Trading_Volume,24H_High_Price,24H_Low_Price,24H_Price_Change,24H_Price_Change_Percentage,24H_Market_Cap_Change,24H_Market_Cap_Change_Percentage,Circulating_Supply,Total_Supply,Max_Supply,All_Time_High,Ath_Change_Percentage,All_Time_High_Date,All_Time_Low,Atl_Change_Percentage,All_Time_Low_Date,Return_On_Investment,Last_Updated,Ath_Time,Atl_Time
bitcoin,btc,Bitcoin,https://coin-images.coingecko.com/coins/images/1/large/bitcoin.png?1696501400,79022.0,1586973116809,1.0,1586975645624.0,33918185508.0,79701.0,77666.0,595.83,0.7534,12062293962.0,0.7659,20081793.0,20081840.0,21000000.0,126080.0,-37.32359,2025-10-06T10:57:42.000Z,67.81,116436.67266,2013-07-05T16:00:00.000Z,0,2026-09-09T11:40:20.000Z,2025-10-06 10:57:42+00:00,2013-07-05 16:00:00+00:00
ethereum,eth,Ethereum,https://coin-images.coingecko.com/coins/images/279/large/ethereum.png?1696501628,2493.5,304295458946,2.0,304295458946.0,12056466262.0,2521.51,2442.98,19.4,0.78258,2381443071.0,0.78878,122032627.13795824,122032627.1379582,1000000000.0,4946.05,-49.58597,2025-08-24T11:21:03.000Z,0.432979,575794.67055,2015-10-19T16:00:00.000Z,"{'times': 41.19381604030222, 'currency': 'btc', 'percentage': 4119.381604030222}",2026-09-09T11:40:20.000Z,2025-08-24 11:21:03+00:00,2015-10-19 16:00:00+00:00
tether,usdt,Tether,https://coin-images.coingecko.com/coins/images/325/large/Tether.png?1696501661,0.99983,183429215371,3.0,188895238082.0,52362194037.0,0.999995,0.99953,0.00024125,0.02252,66061238.0,0.03603,183460193480.14197,188927139311.3062,1000000000.0,1.32,-24.4325,2018-07-23T16:00:00.000Z,0.572521,74.6364,2015-03-01T16:00:00.000Z,0,2026-09-09T11:40:20.000Z,2018-07-23 16:00:00+00:00,2015-03-01 16:00:00+00:00
binancecoin,bnb,BNB,https://coin-images.coingecko.com/coins/images/825/large/bnb-icon2_2x.png?1696501970,749.58,99820715832,4.0,99820716199.0,950455877.0,757.36,742.69,-1.769542637503946,-0.21938,-230046960.65579224,-0.22993,133161372.99,133161372.99,200000000.0,1369.99,-45.28584,2025-10-13T00:41:24.000Z,0.0398177,1882428.30254,2017-10-18T16:00:00.000Z,0,2026-09-09T11:40:20.000Z,2025-10-13 00:41:24+00:00,2017-10-18 16:00:00+00:00
ripple,xrp,XRP,https://coin-images.coingecko.com/coins/images/44/large/xrp-symbol-white-128.png?1696501442,1.42,89285308718,5.0,142279354293.0,2631759992.0,1.45,1.38,0.02893791,2.09327,1821813633.0,2.08294,62744504852.0,99985627691.0,100000000000.0,3.65,-60.9777,2025-07-17T19:40:53.000Z,0.00268621,52870.62816,2014-05-21T16:00:00.000Z,0,2026-09-09T11:40:20.000Z,2025-07-17 19:40:53+00:00,2014-05-21 16:00:00+00:00
usd-coin,usdc,USDC,https://coin-images.coingecko.com/coins/images/6319/large/USDC.png?1769615602,0.999934,74346458666,6.0,74367514907.0,14752062819.0,1.0,0.999741,0.00014257,0.01259,166454013.0,0.22439,74351117573.15395,74377367403.3875,1000000000.0,1.043,-4.17169,2018-11-14T16:00:00.000Z,0.877647,13.93361,2023-03-11T00:02:13.000Z,0,2026-09-09T11:40:20.000Z,2018-11-14 16:00:00+00:00,2023-03-11 00:02:13+00:00
solana,sol,Solana,https://coin-images.coingecko.com/coins/images/4128/large/solana.png?1718769756,103.75,60829336292,7.0,65756507596.0,2815925664.0,105.02,101.79,0.828231,0.83086,499847781.0,0.82853,586250557.0863235,633736799.4493183,1000000000.0,293.31,-64.62788,2025-01-19T03:15:27.000Z,0.500801,20616.93218,2020-05-11T11:35:23.000Z,0,2026-09-09T11:40:20.000Z,2025-01-19 03:15:27+00:00,2020-05-11 11:35:23+00:00
tron,trx,TRON,https://coin-images.coingecko.com/coins/images/1094/large/photo_2026-04-13_09-59-16.png?1776048311,0.339033,32188282146,8.0,32188282155.0,322151195.0,0.339911,0.337749,0.0004502,0.15477,43002449.0,0.13378,94942041836.4235,94942041557.36769,1000000000.0,0.431288,-21.39074,2024-12-03T16:10:40.000Z,0.00180434,18689.82144,2017-11-11T16:00:00.000Z,"{'times': 177.44406546404994, 'currency': 'usd', 'percentage': 17744.406546404996}",2026-09-09T11:40:20.000Z,2024-12-03 16:10:40+00:00,2017-11-11 16:00:00+00:00
figure-heloc,figr_heloc,Figure Heloc,https://coin-images.coingecko.com/coins/images/68480/large/figure.png?1755863954,1.035,23075166018,9.0,23075166018.0,34095941.0,1.051,1.0,3.8144999999999995e-05,0.011965,52452.0,0.030195,22290610113.348,22290610113.348,1000000000.0,1.061,-2.38937,2026-08-03T14:19:20.000Z,0.155357,566.33584,2025-10-31T06:27:24.000Z,0,2026-09-09T07:26:20.000Z,2026-08-03 14:19:20+00:00,2025-10-31 06:27:24+00:00
zcash,zec,Zcash,https://coin-images.coingecko.com/coins/images/486/large/Brandmark-Yellow_%281%29.png?1785810558,1261.74,21337664479,9.0,21338943163.0,1146837642.0,1255.53,1132.83,106.83,9.27622,1796909143.0,9.1957,16921867.3530448,16922884.5405448,21000000.0,3191.93,-60.47097,2016-10-28T16:00:00.000Z,16.08,7746.56995,2024-07-04T20:22:29.000Z,0,2026-09-09T11:40:20.000Z,2016-10-28 16:00:00+00:00,2024-07-04 20:22:29+00:00
hyperliquid,hype,Hyperliquid,https://coin-images.coingecko.com/coins/images/50882/large/hyperliquid.jpg?1729431300,85.81,19090486019,10.0,81985290298.0,1067815920.0,86.98,81.66,2.46,2.96023,550694330.0,2.97034,222445714.07414138,955307079.4341414,1000000000.0,89.6,-4.23477,2026-09-06T12:28:40.000Z,3.81,2152.86306,2024-11-29T01:30:30.000Z,0,2026-09-09T11:40:20.000Z,2026-09-06 12:28:40+00:00,2024-11-29 01:30:30+00:00
dogecoin,doge,Dogecoin,https://coin-images.coingecko.com/coins/images/5/large/dogecoin.png?1696501409,0.090484,14101347382,11.0,15523014967.0,813557768.0,0.091427,0.088076,0.00090722,1.02404,142680536.0,1.02216,155843296383.7052,155843066383.7052,1000000000.0,0.731578,-87.63173,2021-05-07T21:08:23.000Z,8.69e-05,104019.22875,2015-05-05T16:00:00.000Z,0,2026-09-09T11:40:20.000Z,2021-05-07 21:08:23+00:00,2015-05-05 16:00:00+00:00
rain,rain,Rain,https://coin-images.coingecko.com/coins/images/69134/large/Rain_logo_1_.png?1762952191,0.01600127,11348344130,12.0,18280061926.0,26720384.0,0.01683275,0.01592399,-0.000829355998322338,-4.92331,-588095609.2199974,-4.92689,709212318622.3168,1142408527031.575,1150000000000.0,0.01946402,-17.79053,2026-08-25T19:53:00.000Z,0.00222126,620.36943,2025-09-14T00:56:57.000Z,0,2026-09-09T11:40:20.000Z,2026-08-25 19:53:00+00:00,2025-09-14 00:56:57+00:00
usds,usds,USDS,https://coin-images.coingecko.com/coins/images/39926/large/usds.webp?1726666683,0.999967,9824451156,13.0,9824771603.0,226550902.0,1.0,0.999617,0.00023661,0.01205,-19418032.501447678,-0.19726,9824769268.336912,9825547407.321236,1000000000.0,1.057,-5.42459,2024-10-28T21:40:51.000Z,0.948265,5.45223,2024-10-03T05:19:28.000Z,0,2026-09-09T11:40:20.000Z,2024-10-28 21:40:51+00:00,2024-10-03 05:19:28+00:00
whitebit,wbt,WhiteBIT Coin,https://coin-images.coingecko.com/coins/images/27045/large/wbt_token.png?1696526096,81.68,9632499937,14.0,23980779090.0,105268211.0,82.52,78.2,3.28,4.23091,384532191.0,4.15802,117919967.0,293569966.0,400000000.0,82.52,-1.01683,2026-09-09T00:48:20.000Z,3.06,2567.8432,2023-02-13T11:01:21.000Z,0,2026-09-09T11:40:20.000Z,2026-09-09 00:48:20+00:00,2023-02-13 11:01:21+00:00
monero,xmr,Monero,https://coin-images.coingecko.com/coins/images/69/large/monero_logo.png?1696501460,494.22,9287843621,15.0,9287843621.0,122517790.0,509.84,493.99,-14.619075099259533,-2.97017,-279199631.82772255,-2.91835,18802364.13267768,18802364.13267768,1000000000.0,797.73,-38.04765,2026-01-14T11:34:07.000Z,0.216177,228516.47865,2015-01-13T16:00:00.000Z,0,2026-09-09T11:40:20.000Z,2026-01-14 11:34:07+00:00,2015-01-13 16:00:00+00:00
chainlink,link,Chainlink,https://coin-images.coingecko.com/coins/images/877/large/Chainlink_Logo_500.png?1760023405,12.06,9023029198,16.0,12061261268.0,6971130267.0,12.77,11.98,-0.46517921175440335,-3.77918,-347802195.43826866,-3.71154,748099970.424884,1000000000.0,1000000000.0,52.7,-77.11229,2021-05-09T16:13:57.000Z,0.148183,8039.27933,2017-11-28T16:00:00.000Z,0,2026-09-09T11:40:20.000Z,2021-05-09 16:13:57+00:00,2017-11-28 16:00:00+00:00
leo-token,leo,LEO Token,https://coin-images.coingecko.com/coins/images/8418/large/leo-token.png?1696508607,9.18,8443517476,17.0,9043665772.0,149112.0,9.26,9.17,0.00134818,0.01589,1241130.0,0.0147,919857851.9,985239504.0,1000000000.0,10.61,-13.51194,2026-05-04T09:35:00.000Z,0.799859,1047.5962,2019-12-24T07:14:35.000Z,0,2026-09-09T11:40:20.000Z,2026-05-04 09:35:00+00:00,2019-12-24 07:14:35+00:00
cardano,ada,Cardano,https://coin-images.coingecko.com/coins/images/975/large/cardano.png?1696502090,0.218962,8214399461,18.0,9854524700.0,573501865.0,0.231823,0.215202,0.00140123,0.68946,53607467.0,0.65689,37510482444.2993,45000000000.0,45000000000.0,3.09,-92.90678,2021-09-01T22:00:10.000Z,0.01925275,1037.30023,2020-03-12T18:22:55.000Z,0,2026-09-09T11:40:20.000Z,2021-09-01 22:00:10+00:00,2020-03-12 18:22:55+00:00
stellar,xlm,Stellar,https://coin-images.coingecko.com/coins/images/100/large/fmpFRHHQ_400x400.jpg?1735231350,0.18797,6543689469,19.0,9401239487.0,173889030.0,0.19354,0.186398,-0.000854796052639717,-0.45302,-27815140.830583572,-0.42327,34803513559.30723,50001786839.70248,1000000000.0,0.875563,-78.53148,2018-01-02T16:00:00.000Z,0.00047612,39379.3579,2015-03-04T16:00:00.000Z,0,2026-09-09T11:40:20.000Z,2018-01-02 16:00:00+00:00,2015-03-04 16:00:00+00:00
bitcoin-cash,bch,Bitcoin Cash,https://coin-images.coingecko.com/coins/images/780/large/bitcoin-cash-circle.png?1696501932,257.55,5174260597,20.0,5174268647.0,150571990.0,261.18,251.88,1.98,0.79126,40757052.0,0.79394,20086706.14665078,20086737.39665078,21000000.0,3785.82,-93.19702,2017-12-19T16:00:00.000Z,76.93,234.76213,2018-12-15T16:00:00.000Z,0,2026-09-09T11:40:20.000Z,2017-12-19 16:00:00+00:00,2018-12-15 16:00:00+00:00
dai,dai,Dai,https://coin-images.coingecko.com/coins/images/9956/large/Badge_Dai.png?1696509996,0.999859,4573399918,21.0,4574240058.0,280159044.0,1.0,0.999723,8.24e-06,0.01888,-20577779.827109337,-0.44793,4573603999.255841,4573603999.255841,1000000000.0,1.22,-17.97241,2020-03-12T19:02:50.000Z,0.88196,13.3679,2023-03-10T23:50:50.000Z,0,2026-09-09T11:40:20.000Z,2020-03-12 19:02:50+00:00,2023-03-10 23:50:50+00:00
ethena-usde,usde,Ethena USDe,https://coin-images.coingecko.com/coins/images/33613/large/usde.png?1733810059,0.999706,4454046494,22.0,4454046494.0,105192766.0,0.999948,0.999517,3.621e-05,0.00128,56853497.0,1.29295,4455349159.130567,4455349159.130567,1000000000.0,1.034,-3.31883,2025-12-09T09:10:12.000Z,0.929486,7.55475,2024-10-03T23:57:15.000Z,0,2026-09-09T11:40:20.000Z,2025-12-09 09:10:12+00:00,2024-10-03 23:57:15+00:00
usd1-wlfi,usd1,USD1,https://coin-images.coingecko.com/coins/images/54977/large/USD1_1000x1000_transparent.png?1749297002,0.999414,4277528470,23.0,4277528470.0,1071783250.0,0.999799,0.999371,-8.0305021851079e-05,-0.0089,19632367.0,0.46108,4280049884.324213,4280049884.324213,1000000000.0,1.048,-4.62989,2026-07-09T10:14:50.000Z,0.988762,1.07727,2026-07-09T09:13:20.000Z,0,2026-09-09T11:40:20.000Z,2026-07-09 10:14:50+00:00,2026-07-09 09:13:20+00:00
canton-network,cc,Canton,https://coin-images.coingecko.com/coins/images/70468/large/Canton-Ticker_%281%29.png?1762826299,0.10597,4192034347,24.0,4192034347.0,9891018.0,0.110029,0.102222,0.0014446,1.37609,57905808.0,1.40068,39558504215.70418,39558504215.70418,1000000000.0,0.194152,-45.41869,2026-02-03T00:02:08.000Z,0.059024,79.53784,2025-12-06T02:32:09.000Z,0,2026-09-09T11:40:20.000Z,2026-02-03 00:02:08+00:00,2025-12-06 02:32:09+00:00
litecoin,ltc,Litecoin,https://coin-images.coingecko.com/coins/images/2/large/litecoin.png?1696501400,54.02,4190325381,25.0,4190497531.0,310580423.0,55.68,53.7,-1.374478913910913,-2.48961,-107402684.1768136,-2.49906,77587829.3344047,77591016.84339635,84000000.0,410.26,-86.83288,2021-05-09T19:13:07.000Z,1.15,4602.07391,2015-01-13T16:00:00.000Z,0,2026-09-09T11:40:20.000Z,2021-05-09 19:13:07+00:00,2015-01-13 16:00:00+00:00
uniswap,uni,Uniswap,https://coin-images.coingecko.com/coins/images/12504/large/uniswap-logo.png?1720676669,6.68,4162198369,26.0,5947045930.0,554254801.0,7.07,6.59,-0.2911166154566791,-4.15377,-182724011.67560816,-4.20546,623212423.7271129,890460420.0329479,1000000000.0,44.92,-85.12644,2021-05-02T21:25:04.000Z,1.03,548.52507,2020-09-16T17:20:38.000Z,0,2026-09-09T11:40:20.000Z,2021-05-02 21:25:04+00:00,2020-09-16 17:20:38+00:00
the-open-network,gram,Gram (prev. Toncoin),https://coin-images.coingecko.com/coins/images/17980/large/Gram_Circular_Badge.png?1781524778,1.4,3888492131,27.0,7324130073.0,33417603.0,1.41,1.38,0.00970569,0.75395,27991893.0,0.72508,2785194186.772705,5246023600.062141,1000000000.0,8.25,-83.08132,2024-06-14T16:36:51.000Z,0.519364,168.86766,2021-09-20T16:33:11.000Z,0,2026-09-09T11:40:20.000Z,2024-06-14 16:36:51+00:00,2021-09-20 16:33:11+00:00
hedera-hashgraph,hbar,Hedera,https://coin-images.coingecko.com/coins/images/3688/large/hbar.png?1696504364,0.07846,3439553969,28.0,3923604352.0,64417488.0,0.080852,0.078387,-0.001580326419406211,-1.94958,-68747989.51398802,-1.95958,43831559702.98502,50000000000.0,50000000000.0,0.569229,-86.2164,2021-09-15T02:40:28.000Z,0.00986111,695.65298,2020-01-02T09:30:24.000Z,0,2026-09-09T11:40:20.000Z,2021-09-15 02:40:28+00:00,2020-01-02 09:30:24+00:00
avalanche-2,avax,Avalanche,https://coin-images.coingecko.com/coins/images/12559/large/Avalanche_Circle_RedWhite_Trans.png?1696512369,7.94,3429572398,29.0,3681120625.0,253261500.0,8.1,7.84,-0.09719903873456737,-1.1917,-41531912.547950745,-1.1965,431771961.1772119,463441061.1772119,720000000.0,144.96,-94.52137,2021-11-21T06:18:56.000Z,2.8,183.53117,2020-12-31T05:15:21.000Z,0,2026-09-09T11:40:20.000Z,2021-11-21 06:18:56+00:00,2020-12-31 05:15:21+00:00
near,near,NEAR Protocol,https://coin-images.coingecko.com/coins/images/10365/large/near.jpg?1696510367,2.57,3354575512,30.0,3354575522.0,538706111.0,2.55,2.25,0.278808,12.56646,364814055.0,12.20211,1305833298.0,1305833299.0,1000000000.0,20.44,-87.43283,2022-01-16T14:09:45.000Z,0.526762,387.60015,2020-11-04T08:09:15.000Z,0,2026-09-09T11:40:20.000Z,2022-01-16 14:09:45+00:00,2020-11-04 08:09:15+00:00
global-dollar,usdg,Global Dollar,https://coin-images.coingecko.com/coins/images/51281/large/GDN_USDG_Token_200x200.png?1730484111,0.999924,3320575835,31.0,3320575841.0,1223147213.0,1.0,0.999879,-0.000113528604414603,-0.01458,71630440.0,2.20473,3320823575.022236,3320823575.022236,1000000000.0,1.65,-39.56395,2025-01-29T16:11:05.000Z,0.907561,10.17703,2024-11-11T15:55:50.000Z,0,2026-09-09T11:40:20.000Z,2025-01-29 16:11:05+00:00,2024-11-11 15:55:50+00:00
sui,sui,Sui,https://coin-images.coingecko.com/coins/images/26375/large/sui-ocean-square.png?1727791290,0.807557,3308724493,32.0,8076881461.0,588788051.0,0.833475,0.796664,-0.007786986026515397,-0.91591,-31363849.772707462,-0.93901,4096537146.5409594,10000000000.0,10000000000.0,5.35,-84.89578,2025-01-04T14:56:18.000Z,0.364846,121.34179,2023-10-19T02:40:30.000Z,0,2026-09-09T11:40:20.000Z,2025-01-04 14:56:18+00:00,2023-10-19 02:40:30+00:00
shiba-inu,shib,Shiba Inu,https://coin-images.coingecko.com/coins/images/11939/large/shiba.png?1696511800,5.42e-06,3194639155,33.0,3196031464.0,69146170.0,5.51e-06,5.35e-06,5.356e-09,0.08577,3553117.0,0.11135,589239301066730.6,589496238721205.9,1000000000.0,8.616e-05,-93.70818,2021-10-27T19:54:55.000Z,5.6366e-11,9617256.64225,2020-11-28T03:26:25.000Z,0,2026-09-09T11:40:20.000Z,2021-10-27 19:54:55+00:00,2020-11-28 03:26:25+00:00
crypto-com-chain,cro,Cronos,https://coin-images.coingecko.com/coins/images/7310/large/cro_token_logo.png?1696507599,0.060195,2922387846,34.0,5954513789.0,25554524.0,0.06401,0.058574,0.00096975,1.63325,47508970.0,1.65256,48543762123.15481,98910465097.5627,100000000000.0,0.891544,-93.24827,2021-11-23T16:00:00.000Z,0.0121196,396.67214,2019-02-07T16:00:00.000Z,0,2026-09-09T11:40:20.000Z,2021-11-23 16:00:00+00:00,2019-02-07 16:00:00+00:00
paypal-usd,pyusd,PayPal USD,https://coin-images.coingecko.com/coins/images/31212/large/PYUSD_Token_Logo_2x.png?1765987788,0.999938,2833738928,35.0,2833738928.0,51150261.0,1.0,0.999704,0.00017649,0.01385,-55111855.82205582,-1.90774,2833917074.8302283,2833917074.830228,1000000000.0,1.021,-2.03766,2023-10-23T14:44:57.000Z,0.959426,4.22253,2024-12-05T14:31:13.000Z,0,2026-09-09T11:40:20.000Z,2023-10-23 14:44:57+00:00,2024-12-05 14:31:13+00:00
blackrock-usd-institutional-digital-liquidity-fund,buidl,BlackRock USD Institutional Digital Liquidity Fund,https://coin-images.coingecko.com/coins/images/36291/large/blackrock.png?1711013223,1.0,2817664206,36.0,2817664206.0,0.0,1.0,1.0,-1.11e-16,0.0,-14618660.130000591,-0.51614,2817664205.670449,2817664205.670449,1000000000.0,1.0,0.0,2025-02-11T21:00:10.000Z,1.0,0.0,2026-07-23T07:25:00.000Z,0,2026-09-09T11:40:20.000Z,2025-02-11 21:00:10+00:00,2026-07-23 07:25:00+00:00
tether-gold,xaut,Tether Gold,https://coin-images.coingecko.com/coins/images/10481/large/logo.png?1774627372,4403.2,2698357679,37.0,3116320270.0,182310495.0,4408.7,4343.14,2.45,0.05877,1473524.0,0.05464,612823.6595320001,707747.089,1000000000.0,5504.62,-20.00895,2026-01-28T16:00:00.000Z,1447.84,204.12176,2020-03-19T05:45:41.000Z,0,2026-09-09T11:40:20.000Z,2026-01-28 16:00:00+00:00,2020-03-19 05:45:41+00:00
memecore,m,MemeCore,https://coin-images.coingecko.com/coins/images/53247/large/square-bg-transparent.png?1752637478,1.19,2694865110,38.0,6422823004.0,1583957.0,1.25,1.16,0.00036676,0.09651,1056753.0,0.03923,2270824656.955876,5412183633.826608,10000000000.0,5.64,-78.96945,2026-07-02T04:14:00.000Z,0.04746135,2400.63926,2025-07-03T19:56:17.000Z,0,2026-09-09T11:40:20.000Z,2026-07-02 04:14:00+00:00,2025-07-03 19:56:17+00:00
hashnote-usyc,usyc,Circle USYC,https://coin-images.coingecko.com/coins/images/51054/large/Hashnote_SDYC_200x200.png?1730370965,1.14,2624518387,39.0,2624518387.0,0.0,1.14,1.14,6.584e-05,0.00579,178060.0,0.00678,2309010956.409942,2309010956.409942,1000000000.0,1.14,0.0,2026-09-08T13:00:10.000Z,1.026,10.7727,2024-12-05T14:31:20.000Z,0,2026-09-09T11:40:20.000Z,2026-09-08 13:00:10+00:00,2024-12-05 14:31:20+00:00
bittensor,tao,Bittensor,https://coin-images.coingecko.com/coins/images/28452/large/ARUsPeNQ_400x400.jpeg?1696527447,264.62,2545117425,40.0,5568899823.0,239296272.0,269.03,249.72,11.06,4.25924,111626079.0,4.58708,9597491.0,21000000.0,21000000.0,757.6,-65.07208,2024-03-07T10:45:36.000Z,30.83,758.30654,2023-05-14T00:57:53.000Z,0,2026-09-09T11:40:20.000Z,2024-03-07 10:45:36+00:00,2023-05-14 00:57:53+00:00
ripple-usd,rlusd,Ripple USD,https://coin-images.coingecko.com/coins/images/39651/large/RLUSD_200x200_%281%29.png?1727376633,1.0,2437921195,41.0,2442921566.0,225462278.0,1.0,0.999768,0.00013992,0.00709,4432627.0,0.18215,2437740048.107196,2437740048.107196,1000000000.0,1.073,-6.78073,2024-12-26T02:45:52.000Z,0.962292,3.92617,2024-12-17T20:40:40.000Z,0,2026-09-09T11:40:20.000Z,2024-12-26 02:45:52+00:00,2024-12-17 20:40:40+00:00
okb,okb,OKB,https://coin-images.coingecko.com/coins/images/4463/large/WeChat_Image_20220118095654.png?1696505053,114.32,2400880122,42.0,2400880122.0,20068082.0,115.29,113.34,-0.771655282289089,-0.66681,-16105658.342196941,-0.66635,21000000.0,21000000.0,21000000.0,228.74,-50.02046,2025-10-04T16:00:00.000Z,0.580608,19590.20516,2019-01-13T16:00:00.000Z,0,2026-09-09T11:40:20.000Z,2025-10-04 16:00:00+00:00,2019-01-13 16:00:00+00:00
ondo-us-dollar-yield,usdy,Ondo US Dollar Yield,https://coin-images.coingecko.com/coins/images/31700/large/usdy_%281%29.png?1696530524,1.15,2205901592,43.0,2205901592.0,3335298.0,1.15,1.14,0.00301928,0.01107,5697854.0,0.25897,1926010616.9157093,1926010616.915709,1000000000.0,1.26,-9.32067,2024-03-26T21:24:08.000Z,0.934184,22.60132,2024-01-14T03:40:50.000Z,0,2026-09-09T11:40:20.000Z,2024-03-26 21:24:08+00:00,2024-01-14 03:40:50+00:00
mantle,mnt,Mantle,https://coin-images.coingecko.com/coins/images/30980/large/MNT_Token_Logo.png?1765516974,0.639737,2112608018,44.0,3978742355.0,30470723.0,0.652427,0.619758,0.01386022,2.25271,45779382.0,2.21496,3302294382.53684,6219316794.889999,6219316794.89,2.86,-77.59285,2025-10-08T17:04:46.000Z,0.307978,107.72192,2023-10-17T18:50:46.000Z,0,2026-09-09T11:40:20.000Z,2025-10-08 17:04:46+00:00,2023-10-17 18:50:46+00:00
aster-2,aster,Aster,https://coin-images.coingecko.com/coins/images/69040/large/_ASTER.png?1757326782,0.750424,2028835537,45.0,5855233631.0,133627838.0,0.765651,0.740041,-0.010550502017102614,-1.28022,-28894198.366385937,-1.40418,2704071066.7997313,7803968119.651995,8000000000.0,2.41,-68.84572,2025-09-24T03:18:14.000Z,0.099713,652.58056,2025-09-17T04:05:36.000Z,0,2026-09-09T11:40:20.000Z,2025-09-24 03:18:14+00:00,2025-09-17 04:05:36+00:00
polkadot,dot,Polkadot,https://coin-images.coingecko.com/coins/images/12171/large/polkadot.jpg?1766533446,1.17,1997457672,46.0,1997464511.0,430616181.0,1.28,1.061,0.094549,8.86309,160613999.0,8.74402,1701944765.424115,1701951273.5138,2100000000.0,54.98,-97.86479,2021-11-04T06:10:09.000Z,0.727004,61.47296,2026-08-18T02:57:10.000Z,0,2026-09-09T11:40:20.000Z,2021-11-04 06:10:09+00:00,2026-08-18 02:57:10+00:00
aave,aave,Aave,https://coin-images.coingecko.com/coins/images/12645/large/aave-token-round.png?1720472354,129.16,1992620959,47.0,2066562795.0,195904236.0,131.05,126.85,-0.6170504392284499,-0.47419,-9584881.900697708,-0.47872,15427518.302213263,16000000.0,16000000.0,661.69,-80.47947,2021-05-18T13:19:59.000Z,26.02,396.34806,2020-11-05T01:20:11.000Z,0,2026-09-09T11:40:20.000Z,2021-05-18 13:19:59+00:00,2020-11-05 01:20:11+00:00
pax-gold,paxg,PAX Gold,https://coin-images.coingecko.com/coins/images/9519/large/asset-paxg.png?1785284785,4406.82,1905954381,48.0,1905954381.0,128911709.0,4412.43,4348.7,1.76,0.03744,748293.0,0.03928,432503.312051,432503.312051,1000000000.0,5619.09,-21.57409,2026-01-28T22:30:56.000Z,1399.64,214.8537,2019-11-17T19:09:35.000Z,0,2026-09-09T11:40:20.000Z,2026-01-28 22:30:56+00:00,2019-11-17 19:09:35+00:00
pump-fun,pump,Pump.fun,https://coin-images.coingecko.com/coins/images/67164/large/pump.jpg?1751949376,0.00449416,1864019182,49.0,3751867017.0,211826128.0,0.00459699,0.00424285,0.00015671,3.91068,150687856.0,8.79502,414839536882.7098,834972366903.9573,1000000000000.0,0.00881908,-49.04051,2025-09-14T08:42:40.000Z,0.00115473,289.19708,2026-06-25T17:04:20.000Z,0,2026-09-09T11:40:20.000Z,2025-09-14 08:42:40+00:00,2026-06-25 17:04:20+00:00
ondo-finance,ondo,Ondo,https://coin-images.coingecko.com/coins/images/26580/large/ONDO.png?1696525656,0.37575,1829869779,50.0,3757949319.0,103620686.0,0.385685,0.369949,-0.001014151537063746,-0.25512,-4718620.349036217,-0.2572,4869330647.0,10000000000.0,10000000000.0,2.14,-82.44288,2024-12-15T16:36:00.000Z,0.082171,357.27796,2024-01-18T04:14:30.000Z,0,2026-09-09T11:40:20.000Z,2024-12-15 16:36:00+00:00,2024-01-18 04:14:30+00:00
world-liberty-financial,wlfi,World Liberty Financial,https://coin-images.coingecko.com/coins/images/50767/large/wlfi.png?1756438915,0.055722,1770619713,51.0,5571996096.0,21812921.0,0.056457,0.055395,-8.0507617300725e-05,-0.17345,-2613990.291469574,-0.14741,31777116893.0,100000000000.0,100000000000.0,0.331336,-83.18271,2025-09-01T04:20:09.000Z,0.050799,9.69106,2026-08-09T02:00:00.000Z,0,2026-09-09T11:40:20.000Z,2025-09-01 04:20:09+00:00,2026-08-09 02:00:00+00:00
ethena,ena,Ethena,https://coin-images.coingecko.com/coins/images/36530/large/ethena.png?1711701436,0.163466,1650649732,52.0,2452598270.0,455329184.0,0.168753,0.157077,0.00222328,1.42521,22858664.0,1.40428,10095312500.0,15000000000.0,15000000000.0,1.52,-89.22941,2024-04-11T05:15:15.000Z,0.070228,132.76246,2026-06-30T15:44:00.000Z,0,2026-09-09T11:40:20.000Z,2024-04-11 05:15:15+00:00,2026-06-30 15:44:00+00:00
worldcoin-wld,wld,Worldcoin,https://coin-images.coingecko.com/coins/images/31069/large/worldcoin.jpeg?1696529903,0.447509,1646234356,53.0,4474922100.0,238807439.0,0.492671,0.44254,-0.022146922438924965,-4.66181,-80826277.0517726,-4.67999,3678800031.7170763,10000000000.0,10000000000.0,11.74,-96.18837,2024-03-09T16:10:42.000Z,0.229961,94.60178,2026-05-18T15:06:00.000Z,0,2026-09-09T11:40:20.000Z,2024-03-09 16:10:42+00:00,2026-05-18 15:06:00+00:00
morpho,morpho,Morpho,https://coin-images.coingecko.com/coins/images/29837/large/Morpho-token-icon.png?1726771230,2.33,1607386967,54.0,2333489850.0,33199070.0,2.45,2.31,-0.08532791919770721,-3.49923,-58521859.76567626,-3.51291,688833922.4958055,1000000000.0,1000000000.0,4.17,-44.05375,2025-01-17T04:46:19.000Z,0.713151,227.18136,2024-11-24T17:55:43.000Z,0,2026-09-09T11:40:20.000Z,2025-01-17 04:46:19+00:00,2024-11-24 17:55:43+00:00
internet-computer,icp,Internet Computer,https://coin-images.coingecko.com/coins/images/14495/large/Internet_Computer_logo.png?1696514180,2.87,1595973359,55.0,1595974052.0,64418786.0,3.08,2.83,-0.12856555783994672,-4.25263,-71491823.94490194,-4.28746,556266694.1233896,556266935.5052749,1000000000.0,700.65,-99.5905,2021-05-10T08:05:53.000Z,2.0,43.26498,2026-08-01T20:31:10.000Z,0,2026-09-09T11:40:20.000Z,2021-05-10 08:05:53+00:00,2026-08-01 20:31:10+00:00
pepe,pepe,Pepe,https://coin-images.coingecko.com/coins/images/29850/large/pepe-token.jpeg?1696528776,3.68e-06,1549813989,56.0,1549813989.0,231517688.0,3.76e-06,3.55e-06,8.0134e-08,2.27899,34437854.0,2.27256,420690000000000.0,420690000000000.0,420690000000000.0,2.803e-05,-86.86231,2024-12-09T08:30:35.000Z,5.5142e-08,6577.72088,2023-04-17T18:14:41.000Z,0,2026-09-09T11:40:20.000Z,2024-12-09 08:30:35+00:00,2023-04-17 18:14:41+00:00
sky,sky,Sky,https://coin-images.coingecko.com/coins/images/39925/large/sky.jpg?1724827980,0.064892,1520236393,57.0,1522501483.0,7968899.0,0.068149,0.064162,-0.002468092765864904,-3.6041,-57936088.704672575,-3.67109,23427758753.181595,23462665147.36596,23462665147.3,0.100535,-35.45316,2024-12-04T02:13:57.000Z,0.03582727,81.12548,2025-02-02T21:01:48.000Z,0,2026-09-09T11:40:20.000Z,2024-12-04 02:13:57+00:00,2025-02-02 21:01:48+00:00
htx-dao,htx,HTX DAO,https://coin-images.coingecko.com/coins/images/35491/large/Frame_1321318576.png?1708908626,1.69e-06,1518358583,58.0,1518358583.0,24753613.0,1.71e-06,1.68e-06,-5.878438041e-09,-0.29328,-5280190.209819317,-0.34655,898232728634017.2,898232728634017.2,999990000000000.0,3.75e-06,-54.94107,2024-12-03T16:16:20.000Z,8.00816e-07,111.08272,2024-08-05T05:31:33.000Z,0,2026-09-09T11:40:20.000Z,2024-12-03 16:16:20+00:00,2024-08-05 05:31:33+00:00
usdd,usdd,USDD,https://coin-images.coingecko.com/coins/images/25380/large/UUSD.jpg?1696524513,0.999308,1496770388,59.0,1497114376.0,5710658.0,0.999947,0.998458,0.00053333,0.07757,36615305.0,2.50763,1497816145.0,1498591722.0,1000000000.0,1.24,-19.55393,2026-07-09T09:35:10.000Z,0.928067,7.67622,2022-06-19T08:15:11.000Z,0,2026-09-09T11:40:20.000Z,2026-07-09 09:35:10+00:00,2022-06-19 08:15:11+00:00
bitget-token,bgb,Bitget Token,https://coin-images.coingecko.com/coins/images/11610/large/Bitget_logo.png?1736925727,1.99,1394847449,60.0,1815157322.0,12646002.0,2.02,1.96,-0.009003082283289832,-0.45047,-6311236.673867464,-0.45043,699992029.6481038,910920874.6481038,2000000000.0,8.45,-76.41895,2024-12-27T03:41:24.000Z,0.0142795,13854.7915,2020-06-24T20:17:05.000Z,0,2026-09-09T11:40:20.000Z,2024-12-27 03:41:24+00:00,2020-06-24 20:17:05+00:00
usdgo,usdgo,USDGO,https://coin-images.coingecko.com/coins/images/102172077/large/USDGO_%287%29.png?1771437018,1.0,1373665163,61.0,1373665163.0,57549908.0,1.0,0.99995,-4.023789025975e-06,0.0001,7983855.0,0.58461,1373442039.16,1373442039.16,1000000000.0,1.002,-0.22417,2026-03-11T00:04:22.000Z,0.999259,0.0904,2026-05-13T20:34:00.000Z,0,2026-09-09T11:40:20.000Z,2026-03-11 00:04:22+00:00,2026-05-13 20:34:00+00:00
falcon-finance,usdf,Falcon USD,https://coin-images.coingecko.com/coins/images/54558/large/ff_200_X_200.png?1740741076,0.996933,1340336256,62.0,1340336256.0,462699.0,1.001,0.991216,0.00017215,0.01076,592984.0,0.04426,1344458831.864756,1344475004.618144,1000000000.0,1.075,-7.22602,2025-05-08T13:25:42.000Z,0.943422,5.67194,2025-07-08T02:16:34.000Z,0,2026-09-09T11:40:20.000Z,2025-05-08 13:25:42+00:00,2025-07-08 02:16:34+00:00
bfusd,bfusd,BFUSD,https://coin-images.coingecko.com/coins/images/68227/large/bfusd.png?1755132827,0.999667,1319560925,63.0,1319560925.0,2000243.0,0.99995,0.999489,0.00012498,0.01087,164978.0,0.0125,1320000000.0,1320000000.0,1000000000.0,1.007,-0.72072,2025-10-10T13:40:40.000Z,0.996931,0.2745,2026-07-29T19:14:40.000Z,0,2026-09-09T11:40:20.000Z,2025-10-10 13:40:40+00:00,2026-07-29 19:14:40+00:00
ethereum-classic,etc,Ethereum Classic,https://coin-images.coingecko.com/coins/images/453/large/ethereum-classic-logo.png?1696501717,8.33,1317744103,64.0,1317744103.0,120547135.0,9.02,8.03,0.266417,3.29681,42334879.0,3.31932,158119062.8308285,158119477.0392587,210700000.0,167.09,-95.01244,2021-05-06T10:34:22.000Z,0.615038,1254.95457,2016-07-24T16:00:00.000Z,"{'times': 17.51697224507406, 'currency': 'usd', 'percentage': 1751.697224507406}",2026-09-09T11:40:20.000Z,2021-05-06 10:34:22+00:00,2016-07-24 16:00:00+00:00
venice-token,vvv,Venice Token,https://coin-images.coingecko.com/coins/images/54023/large/VVV_Token_Transparent.png?1741856877,26.92,1288544799,65.0,2177418932.0,278350235.0,29.19,18.41,8.63,47.22036,414134303.0,47.36154,47900747.199954614,80972352.48248333,1000000000.0,29.19,-7.7606,2026-09-09T07:42:00.000Z,0.91975,2827.02006,2025-12-01T10:55:48.000Z,0,2026-09-09T11:40:20.000Z,2026-09-09 07:42:00+00:00,2025-12-01 10:55:48+00:00
lighter,lit,Lighter,https://coin-images.coingecko.com/coins/images/71121/large/lighter.png?1765888098,5.15,1286773779,66.0,5147095116.0,126375159.0,5.31,4.61,0.439715,9.38359,110250029.0,9.37083,250000000.0,1000000000.0,1000000000.0,7.86,-34.53002,2025-12-30T01:05:21.000Z,0.779399,560.22819,2026-03-31T09:55:00.000Z,0,2026-09-09T11:40:20.000Z,2025-12-30 01:05:21+00:00,2026-03-31 09:55:00+00:00
united-stables,u,United Stables,https://coin-images.coingecko.com/coins/images/71157/large/united-stables-logo.jpg?1766061640,0.999028,1284697818,67.0,1284697818.0,173805604.0,0.999421,0.998906,4.78e-06,0.00651,-7038369.302347422,-0.54488,1286000007.8,1286000007.8,1000000000.0,1.008,-0.86835,2026-02-05T13:06:07.000Z,0.968158,3.1885,2025-12-20T16:47:20.000Z,0,2026-09-09T11:40:20.000Z,2026-02-05 13:06:07+00:00,2025-12-20 16:47:20+00:00
spiko-amundi-overnight-swap-fund-eur,eursafo,Spiko Amundi Overnight Swap Fund (EUR),https://coin-images.coingecko.com/coins/images/102172591/large/Fund_eurSAF0.png?1774104814,1.18,1247984712,68.0,1247984712.0,0.0,1.18,1.18,0.00316421,0.26915,3351328.0,0.26926,1058698463.14974,1058698463.14974,1000000000.0,1.18,-0.41995,2026-08-21T11:35:00.000Z,1.15,2.13927,2026-07-30T07:40:10.000Z,0,2026-09-09T11:40:20.000Z,2026-08-21 11:35:00+00:00,2026-07-30 07:40:10+00:00
bitway,btw,Bitway,https://coin-images.coingecko.com/coins/images/71205/large/BTW_Token_200x200.png?1786291907,0.448972,1215824905,69.0,4489516351.0,8449152.0,0.46133,0.429682,0.0024818,0.57512,6665568.0,0.55126,2708142280.000001,10000000000.0,10000000000.0,0.745279,-39.75784,2026-08-19T09:36:00.000Z,0.00911805,4823.99317,2026-03-03T06:55:24.000Z,0,2026-09-09T11:40:20.000Z,2026-08-19 09:36:00+00:00,2026-03-03 06:55:24+00:00
arbitrum,arb,Arbitrum,https://coin-images.coingecko.com/coins/images/16547/large/arb.jpg?1721358242,0.165826,1107503067,70.0,1658416403.0,270864942.0,0.175951,0.163302,-0.007579327903734417,-4.32757,-50513405.84476566,-4.36206,6678075931.0,10000000000.0,10000000000.0,2.39,-93.06248,2024-01-12T04:29:59.000Z,0.07048,135.28177,2026-06-26T13:20:40.000Z,0,2026-09-09T11:40:20.000Z,2024-01-12 04:29:59+00:00,2026-06-26 13:20:40+00:00
pi-network,pi,Pi Network,https://coin-images.coingecko.com/coins/images/54342/large/pi_network.jpg?1739347576,0.097067,1081581693,71.0,1663971835.0,7182970.0,0.099584,0.095626,-0.000301988446318929,-0.34196,-3274005.66393137,-0.30179,11141680597.248924,17141047072.69065,100000000000.0,2.99,-96.75101,2025-02-26T08:41:03.000Z,0.070586,37.51599,2026-07-14T02:37:30.000Z,0,2026-09-09T11:40:20.000Z,2025-02-26 08:41:03+00:00,2026-07-14 02:37:30+00:00
polygon-ecosystem-token,pol,POL (ex-MATIC),https://coin-images.coingecko.com/coins/images/32440/large/pol.png?1759114181,0.097549,1044468558,72.0,1044468558.0,79346766.0,0.099879,0.094888,0.00106829,1.13272,11096697.0,1.07383,10711198045.42806,10711198045.42806,1000000000.0,1.29,-92.42371,2024-03-13T10:55:06.000Z,0.067711,44.06714,2026-07-01T01:13:30.000Z,0,2026-09-09T11:40:20.000Z,2024-03-13 10:55:06+00:00,2026-07-01 01:13:30+00:00
cosmos,atom,Cosmos Hub,https://coin-images.coingecko.com/coins/images/1481/large/cosmos_hub.png?1696502525,1.92,1015332241,73.0,1015343908.0,121121974.0,2.03,1.7,0.224883,13.39166,119971400.0,13.39922,529718213.29479,529725065.656921,1000000000.0,43.84,-95.63066,2021-09-19T16:00:00.000Z,1.16,65.14239,2020-03-12T18:27:44.000Z,"{'times': 18.21833749277951, 'currency': 'usd', 'percentage': 1821.833749277951}",2026-09-09T11:40:20.000Z,2021-09-19 16:00:00+00:00,2020-03-12 18:27:44+00:00
kaspa,kas,Kaspa,https://coin-images.coingecko.com/coins/images/25751/large/kaspa-icon-exchanges.png?1696524837,0.03622921,1002820922,74.0,1002939856.0,18834625.0,0.03715227,0.03452927,0.00173932,5.05526,47899570.0,5.01607,27686994077.202873,27690280273.39262,28704026601.0,0.207411,-82.53265,2024-07-31T16:40:47.000Z,0.00017105,21080.52806,2022-05-26T06:42:59.000Z,0,2026-09-09T11:40:20.000Z,2024-07-31 16:40:47+00:00,2022-05-26 06:42:59+00:00
quant-network,qnt,Quant,https://coin-images.coingecko.com/coins/images/3370/large/5ZOu7brX_400x400.jpg?1696504070,67.95,987878766,75.0,992519025.0,17825170.0,69.83,66.56,1.3,1.90651,18381357.0,1.89597,14544176.164081175,14612493.0,14612493.0,427.42,-84.10144,2021-09-11T01:15:00.000Z,0.215773,31393.23581,2018-08-22T16:00:00.000Z,"{'times': 10.713484690962614, 'currency': 'eth', 'percentage': 1071.3484690962614}",2026-09-09T11:40:20.000Z,2021-09-11 01:15:00+00:00,2018-08-22 16:00:00+00:00
gatechain-token,gt,Gate,https://coin-images.coingecko.com/coins/images/8183/large/200X200.png?1735246724,9.22,982596228,76.0,1095500001.0,1076215.0,9.31,9.06,0.105776,1.07871,11144884.0,1.14724,106621965.96341011,118873243.26222642,142622844.0,25.38,-63.68625,2025-01-25T16:00:00.000Z,0.25754,3478.8755,2020-03-12T18:18:02.000Z,0,2026-09-09T11:40:20.000Z,2025-01-25 16:00:00+00:00,2020-03-12 18:18:02+00:00
blockchain-capital,bcap,Blockchain Capital,https://coin-images.coingecko.com/coins/images/56040/large/bcap_logo_200.png?1748088291,106.49,970348700,77.0,970348700.0,0.0,106.49,106.22,0.27,0.25419,2460270.0,0.25419,9112111.0,9112111.0,1000000000.0,106.49,0.0,2026-09-08T22:20:10.000Z,17.76,499.60586,2025-06-02T12:50:02.000Z,0,2026-09-09T11:40:20.000Z,2026-09-08 22:20:10+00:00,2025-06-02 12:50:02+00:00
kucoin-shares,kcs,KuCoin,https://coin-images.coingecko.com/coins/images/1047/large/sa9z79.png?1696502152,6.97,955911565,78.0,990759417.0,2735285.0,7.05,6.96,-0.020936642700059238,-0.29432,-2902580.543009162,-0.30273,137155021.2773955,142155021.2773955,1000000000.0,28.83,-75.82441,2021-12-01T07:09:35.000Z,0.342863,1932.8221,2019-02-06T16:00:00.000Z,0,2026-09-09T11:40:20.000Z,2021-12-01 07:09:35+00:00,2019-02-06 16:00:00+00:00
eutbl,eutbl,Spiko EU T-Bills Money Market Fund,https://coin-images.coingecko.com/coins/images/39657/large/EUTBL.png?1723517425,1.23,920110101,79.0,920110101.0,0.0,1.23,1.23,0.00337866,0.27484,37367611.0,4.23313,746408125.46686,715302976.77384,1000000000.0,1.26,-2.24423,2026-01-27T13:00:08.000Z,1.011,21.93808,2024-08-15T01:45:23.000Z,0,2026-09-09T11:40:20.000Z,2026-01-27 13:00:08+00:00,2024-08-15 01:45:23+00:00
algorand,algo,Algorand,https://coin-images.coingecko.com/coins/images/4380/large/download.png?1696504978,0.09801,886630339,80.0,886632067.0,39724068.0,0.103137,0.096825,0.0001508,0.13095,2042357.0,0.23088,9039728572.301533,9039746191.16675,10000000000.0,3.56,-97.2478,2019-06-20T06:51:19.000Z,0.075732,29.41711,2026-07-29T20:10:10.000Z,"{'times': -0.9591633795070866, 'currency': 'usd', 'percentage': -95.91633795070867}",2026-09-09T11:40:20.000Z,2019-06-20 06:51:19+00:00,2026-07-29 20:10:10+00:00
just,jst,JUST,https://coin-images.coingecko.com/coins/images/11095/large/JUST.jpg?1696511035,0.103672,848942256,81.0,848942256.0,27014741.0,0.110037,0.102905,-0.000924833275520745,-0.89648,-7574637.429808259,-0.88435,8188743036.341737,8188743036.341737,9900000000.0,0.193254,-46.35456,2021-04-04T20:34:23.000Z,0.00476275,2076.72763,2020-05-08T22:08:54.000Z,0,2026-09-09T11:40:20.000Z,2021-04-04 20:34:23+00:00,2020-05-08 22:08:54+00:00
nexo,nexo,NEXO,https://coin-images.coingecko.com/coins/images/3695/large/CG-nexo-token-200x200_2x.png?1730414360,0.842686,842666382,82.0,842666382.0,2740781.0,0.849872,0.821065,0.0182684,2.16727,18249220.0,2.21359,1000000000.0,1000000000.0,1000000000.0,4.07,-79.28487,2021-05-12T06:37:47.000Z,0.04515276,1766.29905,2018-09-12T16:00:00.000Z,"{'times': 7.440225187225452, 'currency': 'usd', 'percentage': 744.0225187225452}",2026-09-09T11:40:20.000Z,2021-05-12 06:37:47+00:00,2018-09-12 16:00:00+00:00
dash,dash,Dash,https://coin-images.coingecko.com/coins/images/19/large/dash-logo.png?1696501423,65.37,838721945,83.0,838722408.0,188962789.0,66.34,61.47,2.24,3.64636,28832216.0,3.56002,12828352.02901614,12828380.08659994,18920000.0,1493.59,-95.62322,2017-12-19T16:00:00.000Z,0.213899,30461.69252,2014-02-13T16:00:00.000Z,0,2026-09-09T11:40:20.000Z,2017-12-19 16:00:00+00:00,2014-02-13 16:00:00+00:00
jupiter-exchange-solana,jup,Jupiter,https://coin-images.coingecko.com/coins/images/34188/large/jup.png?1704266489,0.250273,831150569,84.0,1717824065.0,83567419.0,0.253844,0.235435,0.00828005,3.54956,27657770.0,3.44219,3320312968.08,6862431112.177144,10000000000.0,2.0,-87.48642,2024-01-31T07:02:47.000Z,0.135801,84.29415,2026-02-12T10:35:44.000Z,0,2026-09-09T11:40:20.000Z,2024-01-31 07:02:47+00:00,2026-02-12 10:35:44+00:00
superstate-short-duration-us-government-securities-fund-ustb,ustb,Invesco Short Duration US Government Securities Fund,https://coin-images.coingecko.com/coins/images/35012/large/Invesco_icon_lg.png?1780816895,11.2,820631022,85.0,820631022.0,0.0,11.2,11.2,0.001061,0.00947,45867831.0,5.92024,73260435.950388,73260435.950388,1000000000.0,11.2,0.0,2026-09-08T16:15:00.000Z,10.29,8.85069,2025-02-26T01:55:09.000Z,0,2026-09-09T11:40:20.000Z,2026-09-08 16:15:00+00:00,2025-02-26 01:55:09+00:00
render-token,render,Render,https://coin-images.coingecko.com/coins/images/11636/large/rndr.png?1696511529,1.53,793028487,86.0,815591840.0,46485420.0,1.54,1.48,0.01585892,1.10505,8309388.0,1.0589,518772101.28269154,533532274.5626915,644245094.0,13.53,-88.70676,2024-03-17T08:30:24.000Z,0.03665669,4069.78728,2020-06-16T05:22:25.000Z,0,2026-09-09T11:40:20.000Z,2024-03-17 08:30:24+00:00,2020-06-16 05:22:25+00:00
janus-henderson-anemoy-treasury-fund,jtrsy,Janus Henderson Anemoy Treasury Fund,https://coin-images.coingecko.com/coins/images/70445/large/JTRSY.png?1762078582,1.12,774942361,87.0,774942361.0,0.0,1.12,1.12,0.000412,0.03695,-24713775.005846977,-3.09055,694720859.594534,694720859.594534,1000000000.0,1.12,0.0,2026-09-08T13:50:10.000Z,1.085,2.83027,2025-11-12T20:05:05.000Z,0,2026-09-09T11:40:20.000Z,2026-09-08 13:50:10+00:00,2025-11-12 20:05:05+00:00
stable-2,stable,​​Stable,https://coin-images.coingecko.com/coins/images/69242/large/stable-logotype-framed-square-light.png?1762753913,0.02837104,742080553,88.0,2836443577.0,7236792.0,0.02912468,0.02823008,-0.000540660256850078,-1.7547,-13461067.493502736,-1.78164,26162359053.0,100000000000.0,100000000000.0,0.04323745,-34.38318,2026-05-14T23:31:00.000Z,0.0092214,207.6653,2025-12-23T21:49:32.000Z,0,2026-09-09T11:40:20.000Z,2026-05-14 23:31:00+00:00,2025-12-23 21:49:32+00:00
pancakeswap-token,cake,PancakeSwap,https://coin-images.coingecko.com/coins/images/12632/large/pancakeswap-cake-logo_%281%29.png?1696512440,2.29,732772977,89.0,759492668.0,72702660.0,2.32,2.26,-0.010016326081465632,-0.39586,-3258457.92777133,-0.44271,320182300.34521115,331857365.1830818,400000000.0,43.96,-94.79404,2021-04-30T02:08:22.000Z,0.194441,1077.11081,2020-11-03T06:29:34.000Z,0,2026-09-09T11:40:20.000Z,2021-04-30 02:08:22+00:00,2020-11-03 06:29:34+00:00
janus-henderson-anemoy-aaa-clo-fund,jaaa,Janus Henderson Anemoy AAA CLO Fund,https://coin-images.coingecko.com/coins/images/70446/large/jaaa.png?1762078666,1.049,711458264,90.0,711458264.0,0.0,1.049,1.048,0.00069,0.06583,491538.0,0.06914,678322870.428591,678322870.428591,1000000000.0,1.049,0.0,2026-09-09T11:20:00.000Z,1.009,3.89921,2025-12-06T06:10:05.000Z,0,2026-09-09T11:40:20.000Z,2026-09-09 11:20:00+00:00,2025-12-06 06:10:05+00:00
filecoin,fil,Filecoin,https://coin-images.coingecko.com/coins/images/12817/large/filecoin.png?1696512609,0.845051,698985219,91.0,1653640916.0,83192036.0,0.875856,0.825248,-0.013663186027110252,-1.39155,-11216937.389021993,-1.5794,827245158.0,1957074799.0,1000000000.0,236.84,-99.64319,2021-04-01T05:29:41.000Z,0.612413,37.98707,2026-08-18T03:52:30.000Z,0,2026-09-09T11:40:20.000Z,2021-04-01 05:29:41+00:00,2026-08-18 03:52:30+00:00
gho,gho,GHO,https://coin-images.coingecko.com/coins/images/30663/large/gho-token-logo.png?1720517092,0.998407,697888011,92.0,697888011.0,9238080.0,0.999002,0.998335,-0.000107172940247313,-0.01226,-73296.79960203171,-0.0105,699000000.0,699000000.0,1000000000.0,1.03,-3.05246,2024-02-28T09:15:58.000Z,0.917065,8.86974,2023-10-23T20:41:04.000Z,0,2026-09-09T11:40:20.000Z,2024-02-28 09:15:58+00:00,2023-10-23 20:41:04+00:00
vechain,vet,VeChain,https://coin-images.coingecko.com/coins/images/1167/large/VET.png?1742383283,0.00769456,661632996,93.0,661632996.0,24866742.0,0.00815912,0.00760247,-0.000220978351793196,-2.75968,-18985288.09871006,-2.78942,85985041177.0,85985041177.0,86712634466.0,0.280991,-97.26163,2021-04-18T17:08:21.000Z,0.00191713,301.35782,2020-03-12T18:29:59.000Z,"{'times': 0.081323544751352, 'currency': 'eth', 'percentage': 8.1323544751352}",2026-09-09T11:40:20.000Z,2021-04-18 17:08:21+00:00,2020-03-12 18:29:59+00:00
injective-protocol,inj,Injective,https://coin-images.coingecko.com/coins/images/12882/large/Other_200x200.png?1738782212,6.25,625314797,94.0,625314797.0,122391823.0,6.56,6.2,0.01291872,0.29608,1232610.0,0.19751,100000000.0,100000000.0,1000000000.0,52.62,-88.11543,2024-03-14T07:06:22.000Z,0.657401,851.28273,2020-11-03T08:19:30.000Z,0,2026-09-09T11:40:20.000Z,2024-03-14 07:06:22+00:00,2020-11-03 08:19:30+00:00
official-trump,trump,Official Trump,https://coin-images.coingecko.com/coins/images/53746/large/trump.png?1737171561,2.23,609546112,95.0,2231648748.0,157606951.0,2.28,2.2,-0.026557358856738933,-1.17571,-7190658.9889547825,-1.16592,273137120.287634,1000000000.0,1000000000.0,73.43,-96.96117,2025-01-19T03:50:34.000Z,1.37,62.84996,2026-08-13T18:40:30.000Z,0,2026-09-09T11:40:20.000Z,2025-01-19 03:50:34+00:00,2026-08-13 18:40:30+00:00
beldex,bdx,Beldex,https://coin-images.coingecko.com/coins/images/5111/large/Beldex.png?1696505631,0.07611,599007791,96.0,756469065.0,11095450.0,0.07786,0.075156,-0.00161133263858014,-2.10042,-12701465.448179007,-2.07639,7870575933.441843,9939515566.624472,1000000000.0,0.450785,-83.11619,2018-12-16T16:00:00.000Z,0.00027519,27557.5858,2019-11-01T03:05:12.000Z,"{'times': -0.6957091533468275, 'currency': 'usd', 'percentage': -69.57091533468274}",2026-09-09T11:40:20.000Z,2018-12-16 16:00:00+00:00,2019-11-01 03:05:12+00:00
ether-fi,ethfi,Ether.fi,https://coin-images.coingecko.com/coins/images/35958/large/etherfi.jpeg?1710254562,0.612379,590814708,97.0,590814708.0,73710283.0,0.639674,0.577721,0.02983063,5.18224,28451801.0,5.05933,965350000.0,965350000.0,1000000000.0,8.53,-92.81996,2024-03-27T15:14:46.000Z,0.26653,129.75982,2026-06-05T19:19:15.000Z,0,2026-09-09T11:40:20.000Z,2024-03-27 15:14:46+00:00,2026-06-05 19:19:15+00:00
aerodrome-finance,aero,Aerodrome Finance,https://coin-images.coingecko.com/coins/images/31745/large/token.png?1696530564,0.594931,586722155,98.0,1173784152.0,60870404.0,0.646253,0.589664,-0.05303677673723439,-8.18824,-52583075.05281222,-8.22503,986556827.5186205,1973685089.485853,1000000000.0,2.32,-74.32251,2024-12-07T06:00:38.000Z,1.861e-05,3196741.51126,2023-10-16T17:23:50.000Z,0,2026-09-09T11:40:20.000Z,2024-12-07 06:00:38+00:00,2023-10-16 17:23:50+00:00
xdce-crowd-sale,xdc,XDC Network,https://coin-images.coingecko.com/coins/images/2912/large/xdc-icon.png?1696503661,0.02876609,573804036,99.0,1095031115.0,7066309.0,0.0289582,0.02827694,0.00045092,1.60382,9010204.0,1.59531,19946688440.0,38065686425.1,1000000000.0,0.192754,-85.07628,2021-08-20T20:39:48.000Z,0.00039532,7176.69278,2019-07-21T16:00:00.000Z,"{'times': 0.5342898642810492, 'currency': 'eth', 'percentage': 53.42898642810492}",2026-09-09T11:40:20.000Z,2021-08-20 20:39:48+00:00,2019-07-21 16:00:00+00:00
flare-networks,flr,Flare,https://coin-images.coingecko.com/coins/images/28624/large/FLR-icon200x200.png?1696527609,0.00645965,561350965,100.0,687989569.0,3447612.0,0.00663599,0.00646115,-6.4680498494429e-05,-0.99137,-5133506.220346451,-0.9062,86905216902.96622,106510695675.6981,1000000000.0,0.150073,-95.69566,2023-01-09T19:14:05.000Z,0.00586043,10.22496,2026-08-19T10:09:30.000Z,0,2026-09-09T11:40:20.000Z,2023-01-09 19:14:05+00:00,2026-08-19 10:09:30+00:00
aptos,apt,Aptos,https://coin-images.coingecko.com/coins/images/26455/large/Aptos-Network-Profile-Picture_%281%29.png?1788259511,0.649399,557715920,101.0,784878633.0,72483808.0,0.663998,0.632437,-0.000589236751393885,-0.09065,-387139.48461663723,-0.06937,858684937.532584,1208434868.040685,2100000000.0,19.92,-96.74007,2023-01-26T06:25:17.000Z,0.511162,27.0435,2026-08-30T23:47:30.000Z,0,2026-09-09T11:40:20.000Z,2023-01-26 06:25:17+00:00,2026-08-30 23:47:30+00:00
curve-dao-token,crv,Curve DAO,https://coin-images.coingecko.com/coins/images/12124/large/Curve.png?1696511967,0.358334,557502614,102.0,866001612.0,40897046.0,0.37254,0.356027,0.00034769,0.09712,759231.0,0.13637,1555792187.0,2416703544.601247,3030303031.0,15.37,-97.66894,2020-08-13T16:00:00.000Z,0.170749,109.85976,2026-06-06T05:03:15.000Z,0,2026-09-09T11:40:20.000Z,2020-08-13 16:00:00+00:00,2026-06-06 05:03:15+00:00
pons,pons,Pons,https://coin-images.coingecko.com/coins/images/102174571/large/jhitvkisdq8fhxvimdkpcw7y3dx5.?1784093932,0.768478,548520879,103.0,537817114.0,132816498.0,0.881778,0.728267,0.03890098,5.33199,28985484.0,5.57912,712104762.0614183,712104762.0614183,1000000000.0,0.971034,-20.85977,2026-09-05T17:13:10.000Z,0.00331678,23069.40513,2026-07-17T00:36:50.000Z,0,2026-09-09T11:40:20.000Z,2026-09-05 17:13:10+00:00,2026-07-17 00:36:50+00:00
usual-usd,usd0,Usual USD,https://coin-images.coingecko.com/coins/images/38272/large/USD0LOGO.png?1716962811,0.998883,547840413,104.0,547840413.0,655295.0,0.999089,0.998018,0.00084513,0.08468,-20859.70685684681,-0.00381,548453117.4854735,548453117.4854735,1000000000.0,1.33,-24.65242,2024-07-12T00:28:59.000Z,0.962885,3.73853,2025-04-10T00:30:51.000Z,0,2026-09-09T11:40:20.000Z,2024-07-12 00:28:59+00:00,2025-04-10 00:30:51+00:00
ylds,ylds,YLDS,https://coin-images.coingecko.com/coins/images/66486/large/YLDS.png?1772560579,0.999801,528045883,105.0,528045883.0,14572489.0,0.999976,0.999603,0.00014651,0.01466,4674453.0,0.89314,528150761.22,528150761.22,1000000000.0,1.001,-0.15508,2026-05-28T18:14:00.000Z,0.998383,0.1421,2026-06-30T03:40:10.000Z,0,2026-09-09T11:40:20.000Z,2026-05-28 18:14:00+00:00,2026-06-30 03:40:10+00:00
blockstack,stx,Stacks,https://coin-images.coingecko.com/coins/images/2069/large/Stacks_Logo_png.png?1709979332,0.273882,510772878,106.0,510773465.0,12999949.0,0.275481,0.265508,0.00619533,2.3144,11617517.0,2.32744,1865034337.446689,1865034337.446689,1000000000.0,3.86,-92.91255,2024-04-01T04:34:58.000Z,0.04559639,500.66574,2020-03-12T18:29:26.000Z,"{'times': 1.2817421483362668, 'currency': 'usd', 'percentage': 128.17421483362668}",2026-09-09T11:40:20.000Z,2024-04-01 04:34:58+00:00,2020-03-12 18:29:26+00:00
bianrensheng,币安人生,币安人生 (BinanceLife),https://coin-images.coingecko.com/coins/images/69848/large/%E5%B8%81%E5%AE%89%E4%BA%BA%E7%94%9F.png?1759839225,0.51076,510603007,107.0,510603007.0,3273684.0,0.522359,0.4975,0.00047259,0.09261,315854.0,0.0619,1000000000.0,1000000000.0,1000000000.0,0.894202,-42.88096,2026-06-07T10:24:00.000Z,0.03826008,1234.96781,2026-03-29T00:34:00.000Z,0,2026-09-09T11:40:20.000Z,2026-06-07 10:24:00+00:00,2026-03-29 00:34:00+00:00
pudgy-penguins,pengu,Pudgy Penguins,https://coin-images.coingecko.com/coins/images/52622/large/PUDGY_PENGUINS_PENGU_PFP.png?1733809110,0.00812055,510472807,108.0,623046089.0,196009642.0,0.00835958,0.00801828,-0.000101234203958923,-1.23129,-6351724.911991239,-1.22899,62860396090.0,76722840871.72363,88888888888.0,0.068447,-88.13595,2024-12-17T05:05:22.000Z,0.00371517,118.57822,2025-04-08T17:31:57.000Z,0,2026-09-09T11:40:20.000Z,2024-12-17 05:05:22+00:00,2025-04-08 17:31:57+00:00
true-usd,tusd,TrueUSD,https://coin-images.coingecko.com/coins/images/3449/large/tusd.png?1696504140,0.999269,494153683,109.0,494153683.0,12496220.0,0.999693,0.999,2.503e-05,0.0025,12485.28,0.00253,494515083.0,494515083.0,1000000000.0,1.62,-38.26005,2018-08-26T12:41:09.000Z,0.88355,13.09707,2020-03-12T02:47:51.000Z,0,2026-09-09T11:40:20.000Z,2018-08-26 12:41:09+00:00,2020-03-12 02:47:51+00:00
spx6900,spx,SPX6900,https://coin-images.coingecko.com/coins/images/31401/large/centeredcoin_%281%29.png?1737048493,0.521393,485449289,110.0,485449289.0,7950450.0,0.547766,0.518124,-0.007415092631502307,-1.40223,-6864663.37792778,-1.39437,930987335.2481942,930987335.2481942,1000000000.0,2.27,-77.03782,2025-07-28T03:24:33.000Z,0.00131808,39456.94778,2024-02-04T11:12:19.000Z,0,2026-09-09T11:40:20.000Z,2025-07-28 03:24:33+00:00,2024-02-04 11:12:19+00:00
usdtb,usdtb,USDtb,https://coin-images.coingecko.com/coins/images/52804/large/76357aa8-4ef7-446c-bad3-a3f944eeec7a.jpeg?1758277468,0.999812,483072399,111.0,483072399.0,870522.0,1.0,0.999655,-9.507786747831e-05,-0.00951,-45938.05317801237,-0.00951,483163071.4061826,483163071.4061826,1000000000.0,1.057,-5.41176,2025-09-20T05:20:33.000Z,0.900502,11.02838,2025-07-17T00:05:52.000Z,0,2026-09-09T11:40:20.000Z,2025-09-20 05:20:33+00:00,2025-07-17 00:05:52+00:00
falcon-finance-ff,ff,Falcon Finance,https://coin-images.coingecko.com/coins/images/69121/large/ff.png?1757573403,0.15079,473660045,112.0,1508471482.0,65851597.0,0.159552,0.130347,0.02041495,15.65859,64281195.0,15.70213,3140000000.0,10000000000.0,10000000000.0,0.770814,-80.43753,2025-09-29T05:02:33.000Z,0.057089,164.13086,2026-07-11T06:59:00.000Z,0,2026-09-09T11:40:20.000Z,2025-09-29 05:02:33+00:00,2026-07-11 06:59:00+00:00
virtual-protocol,virtual,Virtuals Protocol,https://coin-images.coingecko.com/coins/images/34057/large/LOGOMARK.png?1708356054,0.710524,467853522,113.0,710606899.0,65007913.0,0.73686,0.699047,-0.008081812115162457,-1.12465,-5266512.316219807,-1.11315,658385841.8252224,1000000000.0,1000000000.0,5.07,-85.9719,2025-01-01T22:15:38.000Z,0.00748604,9391.32886,2024-01-23T12:55:21.000Z,0,2026-09-09T11:40:20.000Z,2025-01-01 22:15:38+00:00,2024-01-23 12:55:21+00:00
euro-coin,eurc,EURC,https://coin-images.coingecko.com/coins/images/26045/large/EURC.png?1769615705,1.16,466126314,114.0,466126314.0,32613743.0,1.16,1.16,0.00238709,0.20555,-50086.729595303535,-0.01074,400544987.8892455,400544987.8892455,1000000000.0,1.35,-13.92528,2023-03-14T01:50:50.000Z,0.052848,2102.04233,2022-12-08T19:16:34.000Z,0,2026-09-09T11:40:20.000Z,2023-03-14 01:50:50+00:00,2022-12-08 19:16:34+00:00
a7a5,a7a5,A7A5,https://coin-images.coingecko.com/coins/images/66657/large/A7A5_200.png?1750163839,0.01173568,460421391,115.0,460421391.0,2329.71,0.01186362,0.01153382,0.00014934,1.28893,5861381.0,1.28946,39232603135.55073,39232603135.55073,1000000000.0,0.229635,-94.88941,2025-08-14T15:03:39.000Z,1.048e-05,111907.46355,2025-08-21T09:38:27.000Z,0,2026-09-09T11:40:20.000Z,2025-08-14 15:03:39+00:00,2025-08-21 09:38:27+00:00
pyth-network,pyth,Pyth Network,https://coin-images.coingecko.com/coins/images/31924/large/pyth.png?1701245725,0.054366,428168553,116.0,543708779.0,41327148.0,0.055454,0.052792,0.0007203,1.34271,5713094.0,1.35235,7874961170.052031,10000000000.0,10000000000.0,1.2,-95.45577,2024-03-15T23:01:15.000Z,0.02953453,84.07507,2026-06-06T05:03:00.000Z,0,2026-09-09T11:40:20.000Z,2024-03-15 23:01:15+00:00,2026-06-06 05:03:00+00:00
fetch-ai,fet,Artificial Superintelligence Alliance,https://coin-images.coingecko.com/coins/images/5681/large/ASI.png?1719827289,0.178376,412390024,117.0,484247217.0,86056762.0,0.185873,0.174879,-0.003619823518063336,-1.98896,-8313926.294544697,-1.97619,2311598435.466003,2714384546.672,2714384546.672,3.45,-94.83588,2024-03-28T09:21:18.000Z,0.00816959,2083.41812,2020-03-12T18:24:18.000Z,"{'times': 1.0572627344095906, 'currency': 'usd', 'percentage': 105.72627344095905}",2026-09-09T11:40:20.000Z,2024-03-28 09:21:18+00:00,2020-03-12 18:24:18+00:00
hash-2,hash,Provenance Blockchain,https://coin-images.coingecko.com/coins/images/66154/large/Hastra_Icon.png?1748497203,0.00689015,397519643,118.0,654415703.0,1513.11,0.00832823,0.00699261,-0.000503475733435704,-6.80959,-28770160.179109216,-6.74897,57693923727.0,94978475357.64638,100000000000.0,0.060147,-88.54448,2025-09-14T08:52:41.000Z,0.00504616,36.54237,2026-08-14T03:44:40.000Z,0,2026-09-09T11:40:20.000Z,2025-09-14 08:52:41+00:00,2026-08-14 03:44:40+00:00
layerzero,zro,LayerZero,https://coin-images.coingecko.com/coins/images/28206/large/ftxG9_TJ_400x400.jpeg?1696527208,1.12,397025583,119.0,1123720940.0,35661926.0,1.16,1.092,0.00255101,0.22762,1048159.0,0.2647,353313325.89,1000000000.0,1000000000.0,7.47,-84.97159,2024-12-06T06:15:52.000Z,0.707123,58.85577,2026-07-31T09:25:50.000Z,0,2026-09-09T11:40:20.000Z,2024-12-06 06:15:52+00:00,2026-07-31 09:25:50+00:00
celestia,tia,Celestia,https://coin-images.coingecko.com/coins/images/31967/large/tia.jpg?1696530772,0.400939,387372925,120.0,471759826.0,43725455.0,0.4217,0.398365,-0.017743845361731625,-4.23802,-17025824.589597344,-4.21016,966300470.490987,1176803311.776189,1000000000.0,20.85,-98.07714,2024-02-10T06:30:02.000Z,0.279235,43.58449,2026-06-06T05:03:00.000Z,0,2026-09-09T11:40:20.000Z,2024-02-10 06:30:02+00:00,2026-06-06 05:03:00+00:00
midnight-3,night,Midnight,https://coin-images.coingecko.com/coins/images/71015/large/midnight.png?1765193080,0.02303429,382569125,121.0,552865550.0,6869306.0,0.02394264,0.02239236,-0.000496287029609882,-2.10912,-8212484.522601068,-2.10155,16607399400.634954,24000000000.0,24000000000.0,0.118529,-80.56654,2025-12-09T01:29:38.000Z,0.0152398,51.14563,2026-07-20T20:40:30.000Z,0,2026-09-09T11:40:20.000Z,2025-12-09 01:29:38+00:00,2026-07-20 20:40:30+00:00
pendle,pendle,Pendle,https://coin-images.coingecko.com/coins/images/15069/large/Pendle_Logo_Normal-03.png?1696514728,2.07,358554644,122.0,583719562.0,51214631.0,2.27,2.08,-0.13816470030667327,-6.2467,-23931464.91900587,-6.25682,172930600.14753246,281527448.4585314,1000000000.0,7.5,-72.36431,2024-04-11T00:25:36.000Z,0.03377729,6039.14497,2022-11-14T12:15:58.000Z,0,2026-09-09T11:40:20.000Z,2024-04-11 00:25:36+00:00,2022-11-14 12:15:58+00:00
pieverse,pieverse,Pieverse,https://coin-images.coingecko.com/coins/images/68773/large/pieverse.png?1756546685,1.3,357637069,123.0,1301681779.0,10859968.0,1.36,1.16,0.093762,7.76322,25799905.0,7.77487,274750000.0,1000000000.0,1000000000.0,1.67,-21.89037,2026-04-20T05:40:00.000Z,0.119363,990.40439,2025-11-14T13:01:21.000Z,0,2026-09-09T11:40:20.000Z,2026-04-20 05:40:00+00:00,2025-11-14 13:01:21+00:00
akedo,ake,Akedo,https://coin-images.coingecko.com/coins/images/68410/large/akedo.png?1755678461,0.01559424,355513408,124.0,1559525834.0,43812046.0,0.02136256,0.01418025,-0.00310819464685682,-16.6192,-70831922.02940947,-16.61374,22796250000.0,100000000000.0,100000000000.0,0.0363756,-57.12995,2026-09-02T21:45:20.000Z,0.00017407,8858.40344,2026-07-10T12:36:10.000Z,0,2026-09-09T11:40:20.000Z,2026-09-02 21:45:20+00:00,2026-07-10 12:36:10+00:00
raydium,ray,Raydium,https://coin-images.coingecko.com/coins/images/13928/large/PSigc4ie_400x400.jpg?1696513668,1.31,353835636,125.0,728573374.0,134656515.0,1.47,1.063,0.238119,22.13159,63832681.0,22.01104,269538779.59716,555000000.0,555000000.0,16.83,-92.19357,2021-09-12T12:20:23.000Z,0.134391,877.77652,2022-12-29T14:15:53.000Z,0,2026-09-09T11:40:20.000Z,2021-09-12 12:20:23+00:00,2022-12-29 14:15:53+00:00
ousg,ousg,Ondo Short-Term U.S. Government Bond Fund,https://coin-images.coingecko.com/coins/images/29023/large/OUSG.png?1696527993,116.5,340399138,126.0,340399138.0,0.0,116.5,116.46,0.041245,0.03542,-5448940.279428005,-1.57553,2921926.939235731,2921926.939235731,1000000000.0,116.5,0.0,2026-09-08T23:30:00.000Z,95.09,22.51283,2023-03-22T12:00:17.000Z,0,2026-09-09T11:40:20.000Z,2026-09-08 23:30:00+00:00,2023-03-22 12:00:17+00:00
bitcoin-cash-sv,bsv,Bitcoin SV,https://coin-images.coingecko.com/coins/images/6799/large/BSV.png?1696507128,16.94,340136233,127.0,340139885.0,5182447.0,17.24,16.59,0.073125,0.43359,1477757.0,0.43636,20080965.625,20081165.625,21000000.0,489.75,-96.54145,2021-04-16T09:09:04.000Z,10.49,61.54311,2026-06-25T13:59:20.000Z,0,2026-09-09T11:40:20.000Z,2021-04-16 09:09:04+00:00,2026-06-25 13:59:20+00:00
kinesis-gold,kau,Kinesis Gold,https://coin-images.coingecko.com/coins/images/29788/large/kau-currency-ticker.png?1696528718,141.41,337447013,128.0,563963693.0,148236.0,143.09,139.81,-0.4361508168325088,-0.30747,-1040755.176217258,-0.30747,2386227.8342,2386227.8342,1000000000.0,206.98,-31.67667,2026-03-01T12:42:08.000Z,44.06,220.99014,2023-04-21T13:02:50.000Z,0,2026-09-09T11:40:20.000Z,2026-03-01 12:42:08+00:00,2023-04-21 13:02:50+00:00
sei-network,sei,Sei,https://coin-images.coingecko.com/coins/images/28205/large/Sei_Logo_-_Transparent.png?1696527207,0.04992879,336213893,129.0,499327563.0,52672439.0,0.051626,0.04869992,0.00078981,1.60731,5344789.0,1.61538,6733333333.0,10000000000.0,1000000000.0,1.14,-95.6192,2024-03-15T18:30:23.000Z,0.03828368,30.41795,2026-08-18T03:10:20.000Z,0,2026-09-09T11:40:20.000Z,2024-03-15 18:30:23+00:00,2026-08-18 03:10:20+00:00
first-digital-usd,fdusd,First Digital USD,https://coin-images.coingecko.com/coins/images/31079/large/FDUSD_icon_black.png?1731097953,0.998596,330479105,130.0,330479105.0,117503122.0,0.998922,0.998305,0.00013207,0.01323,-2676109.2964735627,-0.80326,330943597.850586,330943597.850586,1000000000.0,1.15,-13.26601,2025-02-02T18:30:49.000Z,0.940377,6.19108,2024-12-05T14:30:51.000Z,0,2026-09-09T11:40:20.000Z,2025-02-02 18:30:49+00:00,2024-12-05 14:30:51+00:00
useless-3,useless,Useless Coin,https://coin-images.coingecko.com/coins/images/55684/large/coingeckoupdate.png?1755203747,0.329793,329450982,131.0,329450982.0,183403322.0,0.33514,0.251852,0.071904,27.88159,71577227.0,27.75669,999940362.02,999940362.02,1000000000.0,0.434591,-24.11425,2025-10-14T06:50:41.000Z,0.00519952,6242.74949,2025-06-05T03:05:59.000Z,0,2026-09-09T11:40:20.000Z,2025-10-14 06:50:41+00:00,2025-06-05 03:05:59+00:00
sofiusd,sofid,SoFiUSD,https://coin-images.coingecko.com/coins/images/71688/large/CRY25-3266080_StableCoinLogo.png?1768922282,0.999577,326056577,132.0,326056577.0,6038090.0,0.999838,0.999405,5.697e-05,0.0057,-532049.880032599,-0.16291,326194412.14,327194412.14,1000000000.0,1.002,-0.20809,2026-08-07T03:23:20.000Z,0.991073,0.85813,2026-08-04T13:24:30.000Z,0,2026-09-09T11:40:20.000Z,2026-08-07 03:23:20+00:00,2026-08-04 13:24:30+00:00
sun-token,sun,Sun Token,https://coin-images.coingecko.com/coins/images/12424/large/RSFOmQ.png?1696512245,0.01690632,324975825,133.0,336447556.0,11596818.0,0.01701209,0.01685775,-4.2752808060289e-05,-0.25224,-822258.646145165,-0.25238,19222181989.37517,19900730000.0,19900730000.0,66.45,-99.97456,2020-09-10T19:18:35.000Z,0.00462303,265.69804,2022-11-13T20:45:13.000Z,0,2026-09-09T11:40:20.000Z,2020-09-10 19:18:35+00:00,2022-11-13 20:45:13+00:00
apxusd,apxusd,apxUSD,https://coin-images.coingecko.com/coins/images/102172243/large/apxUSD.png?1772448502,0.969814,319889964,134.0,319889964.0,2252043.0,0.973076,0.965555,0.00318806,0.32981,1024590.0,0.32132,329846699.3087517,329846699.3087517,1000000000.0,1.012,-4.14724,2026-03-12T16:27:03.000Z,0.717601,35.14669,2026-06-26T09:41:20.000Z,0,2026-09-09T11:40:20.000Z,2026-03-12 16:27:03+00:00,2026-06-26 09:41:20+00:00
lido-dao,ldo,Lido DAO,https://coin-images.coingecko.com/coins/images/13573/large/Lido_DAO.png?1696513326,0.383419,319871795,135.0,383469745.0,39795902.0,0.401221,0.382914,-0.006221196986871791,-1.59665,-5146717.327665985,-1.58352,834151322.8543006,1000000000.0,1000000000.0,7.3,-94.74976,2021-08-20T00:35:20.000Z,0.235028,63.13755,2026-06-25T13:59:50.000Z,0,2026-09-09T11:40:20.000Z,2021-08-20 00:35:20+00:00,2026-06-25 13:59:50+00:00
bittorrent,btt,BitTorrent,https://coin-images.coingecko.com/coins/images/22457/large/btt_logo.png?1696521780,3.14771e-07,311130724,136.0,312064431.0,8800680.0,3.20563e-07,3.02022e-07,1.1218e-08,3.69561,11512518.0,3.8424,987037885840674.8,990000000000000.0,990000000000000.0,3.43e-06,-90.82659,2022-01-20T20:00:31.000Z,2.55018e-07,23.43069,2026-08-15T13:30:30.000Z,0,2026-09-09T11:40:20.000Z,2022-01-20 20:00:31+00:00,2026-08-15 13:30:30+00:00
unibase,ub,Unibase,https://coin-images.coingecko.com/coins/images/69108/large/unibase.png?1757501820,0.124353,310889668,137.0,1243558672.0,8868964.0,0.128408,0.120056,-0.001723491429448401,-1.36702,-4302038.759287119,-1.3649,2500000000.0,10000000000.0,10000000000.0,0.243557,-48.94279,2026-05-15T22:11:00.000Z,0.01029884,1107.44904,2025-09-12T00:06:18.000Z,0,2026-09-09T11:40:20.000Z,2026-05-15 22:11:00+00:00,2025-09-12 00:06:18+00:00
monad,mon,Monad,https://coin-images.coingecko.com/coins/images/38927/large/mon.png?1766029057,0.02617066,309523108,138.0,2635370576.0,64595263.0,0.02647342,0.02512873,0.00080305,3.16564,9546896.0,3.18255,11825165000.0,100682925000.0,1000000000.0,0.04882901,-46.40346,2025-11-26T04:21:37.000Z,0.01636691,59.89978,2026-02-05T16:35:18.000Z,0,2026-09-09T11:40:20.000Z,2025-11-26 04:21:37+00:00,2026-02-05 16:35:18+00:00
gnosis,gno,Gnosis,https://coin-images.coingecko.com/coins/images/662/large/logo_square_simple_300px.png?1696501854,117.1,309004936,139.0,351196648.0,1113853.0,118.27,116.29,-0.12759628689100566,-0.10885,-420640.61496561766,-0.13594,2639589.0,3000000.0,3000000.0,644.2,-81.82288,2021-11-08T09:33:29.000Z,6.88,1600.98377,2020-03-12T18:24:11.000Z,0,2026-09-09T11:40:20.000Z,2021-11-08 09:33:29+00:00,2020-03-12 18:24:11+00:00
onyc,onyc,OnRe Tokenized Reinsurance,https://coin-images.coingecko.com/coins/images/67072/large/3D_ONYC.png?1779524172,1.14,304979616,140.0,304979616.0,2367864.0,1.14,1.14,0.000133,0.01164,2216225.0,0.732,266780373.5542922,266780373.5542922,1000000000.0,1.17,-1.98546,2026-07-25T16:25:40.000Z,1.005,13.74997,2025-07-24T06:15:46.000Z,0,2026-09-09T11:40:20.000Z,2026-07-25 16:25:40+00:00,2025-07-24 06:15:46+00:00
olympus,ohm,Olympus,https://coin-images.coingecko.com/coins/images/14483/large/token_OHM_%281%29.png?1696514169,20.32,303295798,141.0,402892928.0,205351.0,20.66,20.27,-0.29855606058180584,-1.44782,-4484035.646206439,-1.4569,14923657.035606854,19824329.65305443,1000000000.0,1415.26,-98.56404,2021-04-24T16:00:00.000Z,7.54,169.40065,2022-11-26T08:36:26.000Z,0,2026-09-09T11:40:20.000Z,2021-04-24 16:00:00+00:00,2022-11-26 08:36:26+00:00
decred,dcr,Decred,https://coin-images.coingecko.com/coins/images/329/large/dcr.png?1762890696,17.14,301554952,142.0,301556541.0,9141447.0,18.73,15.97,1.14,7.11859,20080290.0,7.13396,17596071.55310421,17596200.33885546,21000000.0,247.35,-93.07153,2021-04-16T16:41:14.000Z,0.43154,3871.27709,2016-12-25T16:00:00.000Z,0,2026-09-09T11:40:20.000Z,2021-04-16 16:41:14+00:00,2016-12-25 16:00:00+00:00
terra-luna,lunc,Terra Luna Classic,https://coin-images.coingecko.com/coins/images/8284/large/01_LunaClassic_color.png?1696508486,5.3e-05,292615688,143.0,341898982.0,6039065.0,5.396e-05,5.238e-05,-4.3477900884e-07,-0.81361,-2980958.9631353617,-1.00845,5520265927129.244,6450006838641.889,1000000000.0,119.18,-99.99996,2022-04-05T04:24:58.000Z,9.99967e-07,5200.49696,2022-05-12T18:34:40.000Z,0,2026-09-09T11:40:20.000Z,2022-04-05 04:24:58+00:00,2022-05-12 18:34:40+00:00
tezos,xtz,Tezos,https://coin-images.coingecko.com/coins/images/976/large/Tezos-logo.png?1696502091,0.266237,291710327,144.0,297029680.0,21423920.0,0.264532,0.232527,0.02862702,12.04788,31382504.0,12.05499,1095695474.388574,1115675711.546002,1000000000.0,9.12,-97.07947,2021-10-03T16:41:18.000Z,0.191836,38.78378,2026-08-12T22:02:10.000Z,"{'times': -0.43363144712734764, 'currency': 'usd', 'percentage': -43.363144712734766}",2026-09-09T11:40:20.000Z,2021-10-03 16:41:18+00:00,2026-08-12 22:02:10+00:00
usdai,usdai,USDai,https://coin-images.coingecko.com/coins/images/55857/large/USDai_Token_Full_Glyph.png?1755229050,1.0,288307316,145.0,288307316.0,2349636.0,1.001,0.999776,0.00044737,0.04475,2859442.0,1.00174,288232955.7843374,288232955.7843374,1000000000.0,1.19,-15.79589,2025-09-04T08:12:39.000Z,0.769779,29.94098,2025-09-26T12:45:27.000Z,0,2026-09-09T11:40:20.000Z,2025-09-04 08:12:39+00:00,2025-09-26 12:45:27+00:00
kite-2,kite,Kite,https://coin-images.coingecko.com/coins/images/70426/large/KITE-ICON.png?1762328605,0.113637,271691878,146.0,1136217512.0,10648360.0,0.117364,0.112263,-0.003050190345437062,-2.61398,-7330973.8245200515,-2.62737,2391196012.0,10000000000.0,10000000000.0,0.319747,-64.46024,2026-03-06T02:30:09.000Z,0.061819,83.82183,2025-11-04T00:21:02.000Z,0,2026-09-09T11:40:20.000Z,2026-03-06 02:30:09+00:00,2025-11-04 00:21:02+00:00
bonk,bonk,Bonk,https://coin-images.coingecko.com/coins/images/28600/large/bonk.jpg?1696527587,3.03e-06,266728270,147.0,266728270.0,40011644.0,3.12e-06,3e-06,-7.5099801992e-08,-2.41839,-6527192.930844367,-2.38868,87994532643556.67,87994532643556.67,87995282867000.55,5.825e-05,-94.79783,2024-11-19T20:01:06.000Z,8.6142e-08,3417.74298,2022-12-29T14:48:46.000Z,0,2026-09-09T11:40:20.000Z,2024-11-19 20:01:06+00:00,2022-12-29 14:48:46+00:00
plasma,xpl,Plasma,https://coin-images.coingecko.com/coins/images/66489/large/Plasma-symbol-green-1.png?1755142558,0.095818,266144559,148.0,958120414.0,62898650.0,0.100964,0.093204,-0.000356962449546486,-0.37116,-1007119.3624423146,-0.37698,2777777777.7778,10000000000.0,1000000000.0,1.68,-94.30545,2025-09-27T17:31:40.000Z,0.060147,59.30461,2026-06-10T22:12:40.000Z,0,2026-09-09T11:40:20.000Z,2025-09-27 17:31:40+00:00,2026-06-10 22:12:40+00:00
syrup,syrup,Maple Finance,https://coin-images.coingecko.com/coins/images/51232/large/_syrup_token_logo.png?1747292046,0.227186,265187085,149.0,282772488.0,11090554.0,0.237837,0.22239,-0.007490535209356525,-3.19186,-8744202.37505415,-3.19212,1167271959.1810675,1244677492.511099,1000000000.0,0.653229,-65.2211,2025-06-25T06:15:45.000Z,0.085229,166.5587,2025-04-06T23:46:35.000Z,0,2026-09-09T11:40:20.000Z,2025-06-25 06:15:45+00:00,2025-04-06 23:46:35+00:00
conflux-token,cfx,Conflux,https://coin-images.coingecko.com/coins/images/13079/large/3vuYMbjN.png?1696512867,0.0492255,257835950,150.0,257857879.0,4327865.0,0.050189,0.04841574,-0.000303425415254424,-0.61262,-1583895.5974624455,-0.61055,5237744792.76,5238200846.66,1000000000.0,1.7,-97.10582,2021-03-26T19:43:35.000Z,0.02199898,123.76258,2022-12-30T00:16:30.000Z,0,2026-09-09T11:40:20.000Z,2021-03-26 19:43:35+00:00,2022-12-30 00:16:30+00:00
re-protocol-reusd,reusd,Re Protocol reUSD,https://coin-images.coingecko.com/coins/images/66291/large/Points_Program_Group_91.png?1749676055,1.1,254867479,151.0,257179165.0,4190623.0,1.1,1.099,0.00012899,0.01173,1444739.0,0.57009,231762746.6331796,233864869.3989876,1000000000.0,1.1,-0.31749,2026-08-24T22:10:30.000Z,0.873393,25.91024,2025-07-17T00:04:08.000Z,0,2026-09-09T11:40:20.000Z,2026-08-24 22:10:30+00:00,2025-07-17 00:04:08+00:00
ethereum-name-service,ens,Ethereum Name Service,https://coin-images.coingecko.com/coins/images/19785/large/ENS.jpg?1727872989,6.03,253801856,152.0,603210434.0,23352063.0,6.52,5.91,-0.060680344908193184,-0.99584,-2577889.8656825125,-1.0055,42075176.731430925,100000000.0,100000000.0,83.4,-92.76692,2021-11-10T18:20:01.000Z,3.77,59.8674,2026-08-18T02:57:10.000Z,0,2026-09-09T11:40:20.000Z,2021-11-10 18:20:01+00:00,2026-08-18 02:57:10+00:00
floki,floki,FLOKI,https://coin-images.coingecko.com/coins/images/16746/large/PNG_image.png?1696516318,2.617e-05,252407872,153.0,145019858.0,18613966.0,2.684e-05,2.569e-05,-1.136501743e-08,-0.0434,52452.0,0.030195,9644814882750.928,9644814882750.928,20000000000000.0,0.00034495,-92.41226,2024-06-04T23:25:59.000Z,8.428e-08,30955.91431,2021-07-05T17:11:20.000Z,0,2026-09-09T11:40:20.000Z,2024-06-04 23:25:59+00:00,2021-07-05 17:11:20+00:00
reallink,real,RealLink,https://coin-images.coingecko.com/coins/images/20665/large/TGBfBt6Y2Dm3RHdNpZAdqywBsvfdysf834.jpeg?1749135788,0.073925,251278363,154.0,251278363.0,5212976.0,0.074688,0.07148,0.00149594,2.06538,5207786.0,2.11638,3398616475.0,3398616475.0,1000000000.0,0.99069,-92.53803,2023-01-02T00:58:38.000Z,0.00023002,32038.16441,2023-05-09T06:26:07.000Z,0,2026-09-09T11:40:20.000Z,2023-01-02 00:58:38+00:00,2023-05-09 06:26:07+00:00
agora-dollar,ausd,AUSD,https://coin-images.coingecko.com/coins/images/39284/large/AUSD_1024px.png?1764684132,0.999869,250838288,155.0,250838288.0,11074683.0,1.0,0.999482,9.863e-05,0.00987,-3646549.412986994,-1.43291,250871227.833013,250871227.833013,1000000000.0,1.022,-2.13164,2024-10-05T13:15:26.000Z,0.950515,5.1923,2024-12-05T14:30:43.000Z,0,2026-09-09T11:40:20.000Z,2024-10-05 13:15:26+00:00,2024-12-05 14:30:43+00:00
kinesis-silver,kag,Kinesis Silver,https://coin-images.coingecko.com/coins/images/29789/large/kag-currency-ticker.png?1696528719,66.77,248516768,156.0,245334082.0,343099.0,67.06,65.65,0.345247,0.51975,1284997.0,0.51975,3721963.8196,3777096.9336,1000000000.0,130.0,-48.6382,2026-02-01T23:20:32.000Z,4.36,1430.34842,2024-02-11T06:01:27.000Z,0,2026-09-09T11:40:20.000Z,2026-02-01 23:20:32+00:00,2024-02-11 06:01:27+00:00
ape-and-pepe,apepe,Ape and Pepe,https://coin-images.coingecko.com/coins/images/39614/large/APEPE_200.png?1723142351,1.18e-06,248378514,158.0,248378514.0,9724967.0,1.2e-06,1.17e-06,4.356e-09,0.36966,941349.0,0.38044,210000000000000.0,210000000000000.0,210000000000000.0,6.89e-06,-82.83084,2024-11-21T18:30:11.000Z,6.54916e-07,80.57708,2025-09-17T05:43:50.000Z,0,2026-09-09T11:40:20.000Z,2024-11-21 18:30:11+00:00,2025-09-17 05:43:50+00:00
grass,grass,Grass,https://coin-images.coingecko.com/coins/images/40094/large/Grass.jpg?1725697048,0.366591,248317949,157.0,366779430.0,22323636.0,0.375386,0.321062,0.03527526,10.64702,24009620.0,10.70385,677022560.0,1000000000.0,1000000000.0,3.89,-90.58151,2024-11-08T04:26:05.000Z,0.166785,119.79828,2026-02-05T16:21:51.000Z,0,2026-09-09T11:40:20.000Z,2024-11-08 04:26:05+00:00,2026-02-05 16:21:51+00:00
optimism,op,Optimism,https://coin-images.coingecko.com/coins/images/25244/large/Token.png?1774456081,0.103371,237722294,159.0,443989560.0,59829318.0,0.109006,0.10284,-0.005006746452455149,-4.61973,-10245043.910618931,-4.13161,2299624975.0,4294967296.0,4294967296.0,4.84,-97.86614,2024-03-06T00:35:50.000Z,0.080689,28.11047,2026-08-18T03:31:10.000Z,0,2026-09-09T11:40:20.000Z,2024-03-06 00:35:50+00:00,2026-08-18 03:31:10+00:00
usx,usx,USX,https://coin-images.coingecko.com/coins/images/68429/large/Solstice_Icons_for_DEX_512x512_USX.png?1755718377,0.999421,235697521,160.0,235697521.0,11186782.0,0.999669,0.998455,7.979e-05,0.00798,-2180461.2105103135,-0.91663,235834026.803937,235834026.803937,1000000000.0,1.21,-17.39415,2026-07-14T11:48:30.000Z,0.828472,20.63428,2025-12-25T20:30:55.000Z,0,2026-09-09T11:40:20.000Z,2026-07-14 11:48:30+00:00,2025-12-25 20:30:55+00:00
trust-wallet-token,twt,Trust Wallet,https://coin-images.coingecko.com/coins/images/11085/large/Trust.png?1696511026,0.564691,235284992,161.0,564706706.0,9365377.0,0.582647,0.557763,0.00103287,0.18324,437072.0,0.18611,416649900.0,1000000000.0,1000000000.0,2.72,-79.24625,2022-12-11T15:25:46.000Z,0.00277641,20238.86652,2020-06-09T01:15:06.000Z,0,2026-09-09T11:40:20.000Z,2022-12-11 15:25:46+00:00,2020-06-09 01:15:06+00:00
bnb48-club-token,koge,KOGE,https://coin-images.coingecko.com/coins/images/13827/large/bnb48.png?1696513570,69.48,234861496,162.0,234861496.0,10270.68,69.94,69.52,-0.45290185679256467,-0.64758,-1527069.3699190915,-0.646,3379997.6,3379997.6,3379997.0,141.45,-50.87566,2026-08-17T05:16:20.000Z,1.19,5732.34831,2021-02-01T07:55:03.000Z,0,2026-09-09T11:40:20.000Z,2026-08-17 05:16:20+00:00,2021-02-01 07:55:03+00:00
jito-governance-token,jto,Jito,https://coin-images.coingecko.com/coins/images/33228/large/jto.png?1701137022,0.450516,233982658,163.0,450556344.0,42050811.0,0.465734,0.438511,0.00950338,2.1549,5116690.0,2.23567,519319418.1,1000000000.0,1000000000.0,6.01,-92.50831,2023-12-07T08:04:48.000Z,0.218137,106.52918,2026-02-05T16:30:39.000Z,0,2026-09-09T11:40:20.000Z,2023-12-07 08:04:48+00:00,2026-02-05 16:30:39+00:00
apenft,nft,AINFT,https://coin-images.coingecko.com/coins/images/15687/large/AINFT.png?1761099340,2.34753e-07,232640184,164.0,232640184.0,5049584.0,2.37701e-07,2.30697e-07,2.162e-09,0.92971,2351319.0,1.02103,990105592982874.8,990105592982874.8,999990000000000.0,7.53e-06,-96.88245,2021-09-04T16:10:47.000Z,2.30697e-07,1.75781,2026-09-08T15:43:30.000Z,0,2026-09-09T11:40:20.000Z,2021-09-04 16:10:47+00:00,2026-09-08 15:43:30+00:00
starknet,strk,Starknet,https://coin-images.coingecko.com/coins/images/26433/large/starknet.png?1696525507,0.03150579,226316595,165.0,315137390.0,28885943.0,0.03189815,0.02957478,0.00079429,2.58629,5761313.0,2.61219,7181521515.171522,10000000000.0,10000000000.0,4.41,-99.28617,2024-02-20T04:05:13.000Z,0.02221422,41.82713,2026-08-18T03:13:20.000Z,0,2026-09-09T11:40:20.000Z,2024-02-20 04:05:13+00:00,2026-08-18 03:13:20+00:00
crvusd,crvusd,crvUSD,https://coin-images.coingecko.com/coins/images/30118/large/crvusd.jpg?1746670973,0.99941,220739995,166.0,217714468.0,12191575.0,1.0,0.998494,-0.000296556304833051,-0.02966,-5781546.507144302,-2.55232,220869257.5136212,217851243.6651674,1000000000.0,1.11,-9.6518,2024-06-12T19:27:06.000Z,0.949016,5.31017,2023-08-07T22:24:06.000Z,0,2026-09-09T11:40:20.000Z,2024-06-12 19:27:06+00:00,2023-08-07 22:24:06+00:00
artificial-inu-3,ai,Artificial Inu,https://coin-images.coingecko.com/coins/images/102176647/large/5ou9sb7h478ezv28urbjpzf1fl3e.?1788401429,0.22004,218080862,167.0,218080862.0,20764193.0,0.258842,0.217232,-0.02662679836064058,-10.79466,-26461804.048546374,-10.82094,991380858.3643386,991380858.3643386,1000000000.0,0.317679,-30.73513,2026-09-05T15:37:40.000Z,0.00105288,20798.88022,2026-07-20T13:37:00.000Z,0,2026-09-09T11:40:20.000Z,2026-09-05 15:37:40+00:00,2026-07-20 13:37:00+00:00
frax,frax,Legacy Frax Dollar,https://coin-images.coingecko.com/coins/images/13422/large/LFRAX.png?1751911193,0.991662,217492225,168.0,217492225.0,350538.0,0.99249,0.991143,3.767e-05,0.0038,9171.5,0.00422,219320045.8726003,219320045.8726003,1000000000.0,1.66,-40.37653,2026-03-30T09:51:00.000Z,0.249813,296.96211,2026-06-24T07:27:10.000Z,0,2026-09-09T11:40:20.000Z,2026-03-30 09:51:00+00:00,2026-06-24 07:27:10+00:00
dogwifcoin,wif,dogwifhat,https://coin-images.coingecko.com/coins/images/33566/large/dogwifhat.jpg?1702499428,0.214385,214113272,169.0,214113272.0,46808529.0,0.221669,0.209838,-0.004018508763644596,-1.83995,-4055512.8791526854,-1.85889,998926392.0,998926392.0,998926392.0,4.83,-95.55721,2024-03-31T01:34:58.000Z,0.00155464,13690.01193,2023-12-12T23:13:50.000Z,0,2026-09-09T11:40:20.000Z,2024-03-31 01:34:58+00:00,2023-12-12 23:13:50+00:00
the-graph,grt,The Graph,https://coin-images.coingecko.com/coins/images/13397/large/Graph_Token.png?1696513159,0.01948539,213195748,170.0,226283588.0,18650570.0,0.01990142,0.01892684,9.747e-05,0.50275,1066382.0,0.5027,10941320353.043917,11612995353.0437,1000000000.0,2.84,-99.31426,2021-02-11T23:28:45.000Z,0.01297915,50.12834,2026-08-18T03:16:20.000Z,0,2026-09-09T11:40:20.000Z,2021-02-11 23:28:45+00:00,2026-08-18 03:16:20+00:00
ribbita-by-virtuals,tibbir,Ribbita by Virtuals,https://coin-images.coingecko.com/coins/images/54970/large/Untitled_design.png?1742941268,0.208241,208223634,171.0,208223634.0,3577157.0,0.216273,0.198895,-0.006447228869830235,-3.00306,-6444260.227479458,-3.00197,999904783.4343679,999904783.4343679,1000000000.0,0.440027,-52.67539,2025-10-28T03:23:32.000Z,0.01032004,1917.83178,2025-04-06T23:41:29.000Z,0,2026-09-09T11:40:20.000Z,2025-10-28 03:23:32+00:00,2025-04-06 23:41:29+00:00
jasmycoin,jasmy,JasmyCoin,https://coin-images.coingecko.com/coins/images/13876/large/JASMY200x200.jpg?1696513620,0.00419732,207526105,172.0,209855502.0,8553984.0,0.00429791,0.00409808,-6.2681850184675e-05,-1.4714,-3109858.5710870624,-1.47641,49444999677.59027,50000000000.0,50000000000.0,4.79,-99.91238,2021-02-15T19:53:32.000Z,0.00275026,52.61528,2022-12-29T12:41:09.000Z,0,2026-09-09T11:40:20.000Z,2021-02-15 19:53:32+00:00,2022-12-29 12:41:09+00:00
compound-governance-token,comp,Compound,https://coin-images.coingecko.com/coins/images/10775/large/COMP.png?1696510737,20.66,206560368,173.0,206560368.0,24487867.0,21.55,20.42,-0.7928311341459242,-3.69635,-7930021.149010301,-3.69715,10000000.0,10000000.0,10000000.0,854.45,-97.58251,2021-05-11T16:00:00.000Z,14.86,39.04971,2026-06-25T13:59:30.000Z,0,2026-09-09T11:40:20.000Z,2021-05-11 16:00:00+00:00,2026-06-25 13:59:30+00:00
convex-finance,cvx,Convex Finance,https://coin-images.coingecko.com/coins/images/15585/large/convex.png?1696515221,2.21,205704140,174.0,220702358.0,5417262.0,2.26,2.19,-0.03972639281516477,-1.76799,-3701815.615846157,-1.76777,93194518.49512771,99989481.58706358,100000000.0,60.09,-96.32649,2022-01-01T10:04:03.000Z,1.038,112.6989,2026-07-01T01:13:40.000Z,0,2026-09-09T11:40:20.000Z,2022-01-01 10:04:03+00:00,2026-07-01 01:13:40+00:00
edgex,edge,edgeX,https://coin-images.coingecko.com/coins/images/102172616/large/edgex.png?1774332310,0.58529,204867849,175.0,585336710.0,4001296.0,0.596917,0.554007,0.01547696,2.71615,5433400.0,2.7244,350000000.0,1000000000.0,1000000000.0,1.54,-62.04499,2026-05-22T00:24:00.000Z,0.23746,146.47965,2026-07-05T09:44:00.000Z,0,2026-09-09T11:40:20.000Z,2026-05-22 00:24:00+00:00,2026-07-05 09:44:00+00:00
tradable-na-rent-financing-platform-sstn,pc0000031,Tradable NA Rent Financing Platform SSTN,https://coin-images.coingecko.com/coins/images/66150/large/tradable.jpg?1748488921,1.0,202500000,176.0,202500000.0,0.0,1.0,1.0,-1.11e-16,0.0,-2.9802322388e-08,0.0,202500000.0,202500000.0,400000000.0,189500000.0,-100.0,2025-05-28T19:45:11.000Z,1.0,0.0,2026-07-23T07:25:00.000Z,0,2026-09-09T11:40:20.000Z,2025-05-28 19:45:11+00:00,2026-07-23 07:25:00+00:00
grx-chain,grx,GRX Chain,https://coin-images.coingecko.com/coins/images/71011/large/Untitled_design_%283%29.png?1765178472,21.19,201606443,177.0,211899220.0,3118846.0,21.29,21.08,-0.005304400621685801,-0.02502,-50457.52837046981,-0.02502,9512395.0,9998039.0,10000000.0,21.31,-0.54513,2026-07-26T00:23:50.000Z,0.868057,2341.55484,2026-02-14T09:00:45.000Z,0,2026-09-09T11:40:20.000Z,2026-07-26 00:23:50+00:00,2026-02-14 09:00:45+00:00
kaia,kaia,Kaia,https://coin-images.coingecko.com/coins/images/39901/large/KAIA.png?1724734368,0.03094101,198489924,178.0,198490545.0,5052141.0,0.03228429,0.03036417,-5.6487504922133e-05,-0.18223,-330703.57015004754,-0.16633,6414957883.95686,6415007408.617777,1000000000.0,0.406698,-92.39214,2024-12-02T16:11:32.000Z,0.02166246,42.83239,2026-08-19T01:04:10.000Z,0,2026-09-09T11:40:20.000Z,2024-12-02 16:11:32+00:00,2026-08-19 01:04:10+00:00
eigenlayer,eigen,EigenCloud (prev. EigenLayer),https://coin-images.coingecko.com/coins/images/37441/large/eigencloud.jpg?1751003565,0.214704,197687692,179.0,395156941.0,18257228.0,0.224366,0.208082,-0.001169670725323896,-0.54183,-1039073.442625612,-0.52287,920571741.8530836,1840126261.794892,1000000000.0,5.65,-96.19707,2024-12-16T19:45:30.000Z,0.148314,44.7632,2026-04-05T13:28:00.000Z,0,2026-09-09T11:40:20.000Z,2024-12-16 19:45:30+00:00,2026-04-05 13:28:00+00:00
iota,iota,IOTA,https://coin-images.coingecko.com/coins/images/692/large/IOTA_Thumbnail_%281%29.png?1743772896,0.04257125,197144284,180.0,211889799.0,14430380.0,0.04350654,0.04124929,1.509e-05,0.03546,103127.0,0.05234,4630910911.0,4977282420.0,1000000000.0,5.25,-99.18893,2017-12-18T16:00:00.000Z,0.03112513,36.77452,2026-07-31T14:11:00.000Z,"{'times': -0.5974020977821769, 'currency': 'btc', 'percentage': -59.7402097782177}",2026-09-09T11:40:20.000Z,2017-12-18 16:00:00+00:00,2026-07-31 14:11:00+00:00
societe-generale-forge-eurcv,eurcv,EUR CoinVertible,https://coin-images.coingecko.com/coins/images/33415/large/eurcv_%281%29.png?1701752017,1.16,192762775,181.0,192762775.0,32784771.0,1.16,1.16,0.00262284,0.22589,6810362.0,3.66242,165643058.31,165643058.31,1000000000.0,1.22,-4.47374,2026-01-26T21:25:46.000Z,0.988513,17.7247,2025-02-04T14:15:33.000Z,0,2026-09-09T11:40:20.000Z,2026-01-26 21:25:46+00:00,2025-02-04 14:15:33+00:00
build-on,b,BUILDon,https://coin-images.coingecko.com/coins/images/55974/large/T7asvmCb_400x400.jpg?1747902862,0.192555,192578892,182.0,192578892.0,4932667.0,0.199439,0.181304,0.01036146,5.68708,10385829.0,5.70045,1000000000.0,1000000000.0,1000000000.0,0.762588,-74.74985,2026-05-14T04:09:00.000Z,0.082973,132.06894,2025-10-10T13:31:21.000Z,0,2026-09-09T11:40:20.000Z,2026-05-14 04:09:00+00:00,2025-10-10 13:31:21+00:00
stonk-3,stonk,STONK,https://coin-images.coingecko.com/coins/images/102175239/large/tscmgapqpfx5j4hu8gbs3aj85s7a.?1785895603,0.221754,191610755,183.0,191610755.0,88518487.0,0.216882,0.13946,0.081429,58.0288,69688529.0,57.15818,864025977.317839,864025977.317839,1000000000.0,0.225602,-1.70563,2026-09-09T11:31:00.000Z,0.00174774,12588.08686,2026-08-05T19:16:30.000Z,0,2026-09-09T11:40:20.000Z,2026-09-09 11:31:00+00:00,2026-08-05 19:16:30+00:00
arweave,ar,Arweave,https://coin-images.coingecko.com/coins/images/4343/large/oRt6SiEN_400x400.jpg?1696504946,2.86,187933169,184.0,187933169.0,12337130.0,2.94,2.78,-0.03719730804418253,-1.28275,-2447054.1080886424,-1.28535,65652466.0,65652466.0,66000000.0,89.24,-96.79204,2021-11-04T20:14:42.000Z,0.298788,858.07918,2020-01-30T22:47:36.000Z,"{'times': 2.867541262177216, 'currency': 'usd', 'percentage': 286.75412621772165}",2026-09-09T11:40:20.000Z,2021-11-04 20:14:42+00:00,2020-01-30 22:47:36+00:00
apyusd,apyusd,apyUSD,https://coin-images.coingecko.com/coins/images/102172527/large/apyUSD.png?1773763322,1.37,186192875,185.0,186192875.0,465538.0,1.37,1.36,0.00290938,0.21316,396768.0,0.21355,136129425.1091296,136129425.1091296,1000000000.0,4799.87,-99.9715,2026-04-16T06:11:00.000Z,0.97356,40.491,2026-06-26T13:36:00.000Z,0,2026-09-09T11:40:20.000Z,2026-04-16 06:11:00+00:00,2026-06-26 13:36:00+00:00
usa,usat,USAT,https://coin-images.coingecko.com/coins/images/71792/large/usat_logo_200x200.png?1769440161,0.999254,184180131,186.0,184180131.0,346151.0,0.999656,0.998767,2.87e-06,0.00029,529.4,0.00029,184317598.5,184317598.5,1000000000.0,1.002,-0.31593,2026-03-30T13:45:00.000Z,0.99608,0.31865,2026-03-08T05:50:20.000Z,0,2026-09-09T11:40:20.000Z,2026-03-30 13:45:00+00:00,2026-03-08 05:50:20+00:00
zebec-network,zbcn,Zebec Network,https://coin-images.coingecko.com/coins/images/37052/large/zbcn.jpeg?1713168241,0.00182875,182863590,187.0,182863590.0,7920552.0,0.00187946,0.00175032,6.103e-05,3.45238,6093947.0,3.44739,99998774071.03647,99998774071.03647,100000000000.0,0.00700261,-73.88478,2025-05-29T19:20:44.000Z,0.00069854,161.79552,2024-08-05T05:31:51.000Z,0,2026-09-09T11:40:20.000Z,2025-05-29 19:20:44+00:00,2024-08-05 05:31:51+00:00
cash-cat,cashcat,Cash Cat,https://coin-images.coingecko.com/coins/images/102174280/large/cashcat-logo.jpg?1782922765,0.184144,182104565,188.0,182104565.0,34981462.0,0.204537,0.166528,0.00762673,4.32068,7654969.0,4.38807,988287275.6543044,988287275.6543044,1000000000.0,0.314297,-41.41091,2026-09-03T21:42:00.000Z,0.00160429,11378.18739,2026-07-01T18:44:30.000Z,0,2026-09-09T11:40:20.000Z,2026-09-03 21:42:00+00:00,2026-07-01 18:44:30+00:00
theta-token,theta,Theta Network,https://coin-images.coingecko.com/coins/images/2538/large/theta-token-logo.png?1696503349,0.181185,181240692,189.0,181240692.0,2307269.0,0.184261,0.177441,-0.001940805683059821,-1.05982,-1884854.219504267,-1.02927,1000000000.0,1000000000.0,1000000000.0,15.72,-98.8474,2021-04-16T05:15:11.000Z,0.04039979,348.47936,2020-03-12T18:24:16.000Z,"{'times': 0.20886850800709, 'currency': 'usd', 'percentage': 20.886850800709}",2026-09-09T11:40:20.000Z,2021-04-16 05:15:11+00:00,2020-03-12 18:24:16+00:00
ultima,ultima,Ultima,https://coin-images.coingecko.com/coins/images/31844/large/ULTIMA-200x200.png?1763090865,2098.27,177756708,190.0,209846423.0,6877015.0,2203.22,2078.37,-18.90316893552199,-0.89285,-1585063.7422182262,-0.88382,84708.0,100000.0,100000.0,22851.0,-90.81744,2025-02-14T03:01:57.000Z,1734.24,20.9909,2026-06-30T22:05:00.000Z,0,2026-09-09T11:40:20.000Z,2025-02-14 03:01:57+00:00,2026-06-30 22:05:00+00:00
doublezero,2z,DoubleZero,https://coin-images.coingecko.com/coins/images/68339/large/Coingecko_-_PFP.png?1755694420,0.050956,176793178,191.0,509466039.0,11219008.0,0.053309,0.050234,0.00014639,0.28811,509022.0,0.28875,3469501065.3,9998083566.3,10000000000.0,0.893679,-94.29818,2025-10-02T05:11:45.000Z,0.0462912,10.07702,2026-08-19T02:41:10.000Z,0,2026-09-09T11:40:20.000Z,2025-10-02 05:11:45+00:00,2026-08-19 02:41:10+00:00
telcoin,tel,Telcoin,https://coin-images.coingecko.com/coins/images/1899/large/tel.png?1696502892,0.00178478,176100044,192.0,178472091.0,848094.0,0.00181147,0.00171268,6.198e-05,3.59745,6109152.0,3.59381,98670914241.98,100000000000.0,100000000000.0,0.064483,-97.23215,2021-05-10T16:32:24.000Z,6.474e-05,2657.00729,2020-03-12T18:24:47.000Z,"{'times': 0.783971263879923, 'currency': 'usd', 'percentage': 78.3971263879923}",2026-09-09T11:40:20.000Z,2021-05-10 16:32:24+00:00,2020-03-12 18:24:47+00:00
akash-network,akt,Akash Network,https://coin-images.coingecko.com/coins/images/12785/large/akash-logo.png?1696512580,0.585682,174291643,193.0,174325598.0,6578039.0,0.610024,0.541703,0.02837348,5.09116,8445142.0,5.09214,297584815.850718,297642796.170999,388539008.0,8.07,-92.74694,2021-04-06T10:59:48.000Z,0.164994,254.97203,2022-11-21T12:30:53.000Z,0,2026-09-09T11:40:20.000Z,2021-04-06 10:59:48+00:00,2022-11-21 12:30:53+00:00
swissborg,borg,SwissBorg,https://coin-images.coingecko.com/coins/images/2117/large/YJUrRy7r_400x400.png?1696503083,0.177139,173836194,194.0,173836194.0,203862.0,0.183003,0.17656,-0.007186399052510256,-3.89875,-7052297.93459186,-3.8987,981352443.442,981352443.442,1000000000.0,1.64,-89.19802,2021-05-04T09:14:50.000Z,0.00502687,3423.84719,2019-07-27T16:00:00.000Z,"{'times': 0.77146997778894, 'currency': 'usd', 'percentage': 77.146997778894}",2026-09-09T11:40:20.000Z,2021-05-04 09:14:50+00:00,2019-07-27 16:00:00+00:00
coco-2,coco,coco,https://coin-images.coingecko.com/coins/images/71124/large/%E6%9C%AA%E5%91%BD%E5%90%8D%E7%9A%84%E8%AE%BE%E8%AE%A1_%2821%29.png?1765893957,0.17304,173043497,195.0,173043497.0,40429.0,0.173305,0.171772,0.00013814,0.0799,141592.0,0.08189,1000000000.0,1000000000.0,1000000000.0,0.35491,-51.2439,2026-05-06T18:25:00.000Z,0.00180419,9491.02162,2026-03-26T09:32:00.000Z,0,2026-09-09T11:40:20.000Z,2026-05-06 18:25:00+00:00,2026-03-26 09:32:00+00:00
spiko-us-t-bills-money-market-fund,ustbl,Spiko US T-Bills Money Market Fund,https://coin-images.coingecko.com/coins/images/39666/large/USTB.png?1723541269,1.095,171670491,196.0,171670491.0,0.0,1.095,1.095,0.000376,0.03434,1377931.0,0.80916,156717594.96334,156717594.96334,1000000000.0,1.095,0.0,2026-09-08T14:40:10.000Z,1.013,8.17644,2024-08-19T23:05:13.000Z,0,2026-09-09T11:40:20.000Z,2026-09-08 14:40:10+00:00,2024-08-19 23:05:13+00:00
unifai-network,uai,UnifAI Network,https://coin-images.coingecko.com/coins/images/70521/large/uai.png?1762323485,0.712292,170299868,197.0,712551750.0,14562283.0,0.75735,0.62693,-0.03716840826953416,-4.95936,-8821161.298396826,-4.92469,239000000.0,1000000000.0,1000000000.0,0.767293,-7.16817,2026-09-08T05:07:30.000Z,0.06003,1086.56481,2025-11-06T15:21:15.000Z,0,2026-09-09T11:40:20.000Z,2026-09-08 05:07:30+00:00,2025-11-06 15:21:15+00:00
fartcoin,fartcoin,Fartcoin,https://coin-images.coingecko.com/coins/images/50891/large/fart.jpg?1729503972,0.167892,167826926,198.0,167826926.0,33319481.0,0.17503,0.163355,-0.002744084305228239,-1.60815,-2804797.0503382683,-1.64377,999973959.546967,999973890.188857,1000000000.0,2.48,-93.22708,2025-01-19T12:41:07.000Z,0.02002855,738.26373,2024-10-29T23:56:04.000Z,0,2026-09-09T11:40:20.000Z,2025-01-19 12:41:07+00:00,2024-10-29 23:56:04+00:00
non-playable-coin,npc,Non-Playable Coin,https://coin-images.coingecko.com/coins/images/31193/large/NPC_200x200.png?1696530021,0.02069128,166589645,199.0,166589645.0,7373233.0,0.02192825,0.01806307,0.00259321,14.32866,20897900.0,14.34391,8050126520.0,8050126520.0,8050126520.0,0.066169,-68.72973,2024-11-18T00:46:10.000Z,4.561e-05,45263.407,2023-08-13T04:00:49.000Z,0,2026-09-09T11:40:20.000Z,2024-11-18 00:46:10+00:00,2023-08-13 04:00:49+00:00
axie-infinity,axs,Axie Infinity,https://coin-images.coingecko.com/coins/images/13029/large/axie_infinity_logo.png?1696512817,0.953469,166301098,200.0,257422626.0,23104235.0,0.977372,0.944182,-0.01427470634065997,-1.47505,-2498905.7561840713,-1.48039,174426379.00134403,270000000.0,270000000.0,164.9,-99.42178,2021-11-06T11:29:29.000Z,0.123718,670.67845,2020-11-06T00:05:43.000Z,0,2026-09-09T11:40:20.000Z,2021-11-06 11:29:29+00:00,2020-11-06 00:05:43+00:00
safo,safo,Spiko Amundi Overnight Swap Fund,https://coin-images.coingecko.com/coins/images/102172590/large/Fund_usdSAFO.png?1774104804,1.02,165379312,201.0,165379312.0,0.0,1.02,1.02,0.0,0.0,-9.286868810653687,-1e-05,162150410.58903,162150410.58903,1000000000.0,1.02,-0.00069,2026-09-04T15:00:00.000Z,1.015,0.51771,2026-07-23T04:25:10.000Z,0,2026-09-09T11:40:20.000Z,2026-09-04 15:00:00+00:00,2026-07-23 04:25:10+00:00
mx-token,mx,MX,https://coin-images.coingecko.com/coins/images/8545/large/mexc.jpg?1747142259,1.78,163528921,202.0,728324602.0,3161831.0,1.77,1.74,0.04079652,2.34501,3757952.0,2.35209,91837334.0,409024834.0,1000000000.0,5.85,-69.5879,2024-04-09T14:10:39.000Z,0.04218457,4120.76947,2019-11-24T21:59:45.000Z,0,2026-09-09T11:40:20.000Z,2024-04-09 14:10:39+00:00,2019-11-24 21:59:45+00:00
tradable-apac-diversified-finance-provider-sstn,pc0000033,Tradable APAC Diversified Finance Provider SSTN,https://coin-images.coingecko.com/coins/images/66798/large/tradable.jpg?1750576460,1.0,162500000,203.0,162500000.0,0.0,1.0,1.0,-1.11e-16,0.0,-2.9802322388e-08,0.0,162500000.0,162500000.0,300000000.0,1.0,0.0,2025-07-03T02:25:05.000Z,1.0,0.0,2026-07-23T07:25:00.000Z,0,2026-09-09T11:40:20.000Z,2025-07-03 02:25:05+00:00,2026-07-23 07:25:00+00:00
derive,drv,Derive,https://coin-images.coingecko.com/coins/images/52889/large/Token_Logo.png?1734601695,0.162484,162436573,204.0,243725726.0,4208610.0,0.166419,0.16135,0.00016772,0.10333,167671.0,0.10333,999709236.5643373,1500000000.0,1500000000.0,0.228265,-28.81785,2025-01-14T19:52:14.000Z,0.01243699,1206.45585,2025-04-07T05:31:06.000Z,0,2026-09-09T11:40:20.000Z,2025-01-14 19:52:14+00:00,2025-04-07 05:31:06+00:00
neo,neo,NEO,https://coin-images.coingecko.com/coins/images/480/large/NEO_512_512.png?1696501735,2.29,161545140,205.0,229044577.0,3487025.0,2.3,2.16,0.092224,4.19507,6491806.0,4.18682,70530000.0,100000000.0,1000000000.0,198.38,-98.84534,2018-01-14T16:00:00.000Z,0.078349,2823.60509,2016-10-20T16:00:00.000Z,"{'times': 62.606348975499806, 'currency': 'usd', 'percentage': 6260.63489754998}",2026-09-09T11:40:20.000Z,2018-01-14 16:00:00+00:00,2016-10-20 16:00:00+00:00
humanity,h,Humanity,https://coin-images.coingecko.com/coins/images/66811/large/H_tokenLogo_original.png?1750581252,0.080674,160708210,206.0,806855899.0,2696204.0,0.082398,0.077304,0.00204655,2.60284,4099279.0,2.61753,1991783293.9029999,10000000000.0,10000000000.0,0.853746,-90.55058,2026-06-02T07:27:00.000Z,0.01810273,345.64569,2025-06-26T17:20:39.000Z,0,2026-09-09T11:40:20.000Z,2026-06-02 07:27:00+00:00,2025-06-26 17:20:39+00:00
thorchain,rune,THORChain,https://coin-images.coingecko.com/coins/images/6595/large/THORChain_RUNE_Token.png?1782452363,0.487889,160353595,207.0,172702940.0,62247566.0,0.496167,0.476692,0.00433582,0.89666,1422403.0,0.89498,328667754.0,353979512.0,353979512.0,20.87,-97.66197,2021-05-18T16:30:09.000Z,0.00851264,5631.35076,2019-09-27T16:00:00.000Z,"{'times': 11.83869610100916, 'currency': 'usd', 'percentage': 1183.8696101009161}",2026-09-09T11:40:20.000Z,2021-05-18 16:30:09+00:00,2019-09-27 16:00:00+00:00
chain-2,xcn,Onyxcoin,https://coin-images.coingecko.com/coins/images/24210/large/onyxlogo.jpg?1696523397,0.00396841,156109615,208.0,212021635.0,3958055.0,0.00408257,0.00385981,-5.5326228332437e-05,-1.375,-2102100.62024194,-1.32866,39319721364.581955,53402422627.324425,68892071756.9,0.184139,-97.84489,2022-05-27T03:45:24.000Z,0.0007055,462.49384,2023-10-11T12:12:02.000Z,0,2026-09-09T11:40:20.000Z,2022-05-27 03:45:24+00:00,2023-10-11 12:12:02+00:00
antfun,antfun,AntFun,https://coin-images.coingecko.com/coins/images/102174619/large/antfun_logo_200x200_transparent.png?1784200901,0.082313,155396395,209.0,695747452.0,15904768.0,0.082424,0.080112,0.00184591,2.294,3504275.0,2.30708,1887639996.0,8451423307.16593,10000000000.0,0.082536,-0.27062,2026-09-09T11:20:30.000Z,0.03781926,117.64729,2026-07-16T12:58:20.000Z,0,2026-09-09T11:40:20.000Z,2026-09-09 11:20:30+00:00,2026-07-16 12:58:20+00:00
vision-3,vsn,Vision,https://coin-images.coingecko.com/coins/images/67399/large/Logo-Vision-Symbol-BG-Green.png?1752676915,0.04131005,155290719,210.0,173508821.0,3439585.0,0.04217066,0.03922719,0.00136043,3.40537,5121852.0,3.41073,3759007858.1948447,4200000000.0,4200000000.0,0.223874,-81.54762,2025-08-11T03:13:12.000Z,0.02840819,45.41598,2026-06-06T05:10:30.000Z,0,2026-09-09T11:40:20.000Z,2025-08-11 03:13:12+00:00,2026-06-06 05:10:30+00:00
strategy-pp-variable-xstock,strcx,Strategy PP Variable xStock,https://coin-images.coingecko.com/coins/images/71033/large/Ticker_STRCx__Company_Name_Strategy_PP_Variable__size_200x200.png?1765380234,105.33,153508279,211.0,296733567.0,1200545.0,106.34,105.21,-0.21705909336581897,-0.20565,-350291.8972157538,-0.22767,1457374.7363121829,2817124.948142593,1000000000.0,139.97,-24.74539,2026-06-02T22:11:00.000Z,73.0,44.28671,2026-06-26T03:33:00.000Z,0,2026-09-09T11:40:20.000Z,2026-06-02 22:11:00+00:00,2026-06-26 03:33:00+00:00
seeker,skr,Seeker,https://coin-images.coingecko.com/coins/images/70974/large/seeker-logo.jpg?1764922774,0.02184757,152392210,212.0,231024405.0,19395463.0,0.02525258,0.02107184,0.00010532,0.48439,697677.0,0.45992,6976938951.766043,10576939031.13042,1000000000.0,0.055818,-60.85948,2026-01-21T19:32:20.000Z,0.00542271,302.88999,2026-01-20T18:11:35.000Z,0,2026-09-09T11:40:20.000Z,2026-01-21 19:32:20+00:00,2026-01-20 18:11:35+00:00
would,would,would,https://coin-images.coingecko.com/coins/images/52316/large/QmXJR6Q2zkqpotTY2nMP6k76LykKW7z4tgfQfH1ZUo57Dt.jpeg?1733076468,0.149992,149910178,213.0,149910178.0,9362.99,0.03624997,0.02812911,0.121405,424.67476,121338158.0,424.67476,999452263.750593,999452263.750593,1000000000.0,0.701724,-78.62517,2025-04-02T12:23:54.000Z,0.00142393,10433.6584,2024-12-04T01:40:03.000Z,0,2026-09-09T11:40:20.000Z,2025-04-02 12:23:54+00:00,2024-12-04 01:40:03+00:00
chiliz,chz,Chiliz,https://coin-images.coingecko.com/coins/images/8834/large/CHZ_Token_updated.png?1696508986,0.01422914,149803626,214.0,149803626.0,24639433.0,0.01442673,0.01385071,-2.6062055754165e-05,-0.18282,-244199.49406933784,-0.16275,10527618701.0,10527618701.0,1000000000.0,0.878633,-98.38054,2021-03-13T00:04:21.000Z,0.00410887,246.3026,2019-09-27T16:00:00.000Z,"{'times': -0.3532692402462614, 'currency': 'usd', 'percentage': -35.32692402462614}",2026-09-09T11:40:20.000Z,2021-03-13 00:04:21+00:00,2019-09-27 16:00:00+00:00
gusd,gusd,GUSD,https://coin-images.coingecko.com/coins/images/68725/large/gusd-logo.jpeg?1757681286,0.998768,149605503,215.0,319605854.0,975596.0,0.998887,0.9981,0.00031703,0.03175,47488.0,0.03175,149790000.0,320000000.0,1000000000.0,1.022,-2.26026,2026-03-02T07:10:22.000Z,0.979237,1.9945,2026-03-02T09:40:29.000Z,0,2026-09-09T11:40:20.000Z,2026-03-02 07:10:22+00:00,2026-03-02 09:40:29+00:00
elrond-erd-2,egld,MultiversX,https://coin-images.coingecko.com/coins/images/12335/large/egld-token-logo.png?1696512162,4.86,149490846,216.0,149490846.0,11857815.0,5.2,4.59,0.189341,4.0521,5854595.0,4.07599,30746742.0,30746742.0,1000000000.0,545.64,-99.10893,2021-11-23T02:33:26.000Z,2.42,100.58888,2026-06-26T02:23:20.000Z,0,2026-09-09T11:40:20.000Z,2021-11-23 02:33:26+00:00,2026-06-26 02:23:20+00:00
decentraland,mana,Decentraland,https://coin-images.coingecko.com/coins/images/878/large/decentraland-mana.png?1696502010,0.075388,147647598,217.0,165352310.0,20283719.0,0.076911,0.07409,-0.000374264068379454,-0.494,-721361.994153738,-0.48619,1958349777.9807715,2193179327.320146,1000000000.0,5.85,-98.7115,2021-11-25T02:04:18.000Z,0.00923681,716.16897,2017-10-30T16:00:00.000Z,"{'times': 2.7680168813242423, 'currency': 'usd', 'percentage': 276.80168813242426}",2026-09-09T11:40:20.000Z,2021-11-25 02:04:18+00:00,2017-10-30 16:00:00+00:00
ecash,xec,eCash,https://coin-images.coingecko.com/coins/images/16646/large/Logo_final-22.png?1696516207,7.29e-06,146778806,218.0,146779103.0,3237119.0,7.41e-06,7.17e-06,-6.5265821524e-08,-0.88782,-838811.6670202315,-0.56823,20081060922580.0,20081114047580.0,21000000000000.0,0.00038001,-98.0827,2021-09-04T09:09:31.000Z,4.79e-06,52.1587,2026-07-01T01:13:50.000Z,0,2026-09-09T11:40:20.000Z,2021-09-04 09:09:31+00:00,2026-07-01 01:13:50+00:00
origintrail,trac,OriginTrail,https://coin-images.coingecko.com/coins/images/1877/large/TRAC.jpg?1696502873,0.326196,145899454,219.0,163098476.0,2736565.0,0.343373,0.321518,-0.009137546549236208,-2.72491,-4086632.2288588583,-2.72467,447274118.0,500000000.0,500000000.0,3.5,-90.69325,2021-11-03T10:09:57.000Z,0.00385262,8366.86847,2020-03-12T18:24:12.000Z,"{'times': 2.26063531165575, 'currency': 'usd', 'percentage': 226.063531165575}",2026-09-09T11:40:20.000Z,2021-11-03 10:09:57+00:00,2020-03-12 18:24:12+00:00
kamino,kmno,Kamino,https://coin-images.coingecko.com/coins/images/35801/large/Kamino_200x200.png?1767944671,0.02653774,145611810,220.0,265375503.0,6893462.0,0.02684516,0.02450554,0.00171889,6.92572,9618082.0,7.07245,5486986636.0,9999956964.12517,10000000000.0,0.247842,-89.29249,2024-12-15T08:45:25.000Z,0.01342703,97.64419,2026-06-06T05:03:15.000Z,0,2026-09-09T11:40:20.000Z,2024-12-15 08:45:25+00:00,2026-06-06 05:03:15+00:00
shuffle-2,shfl,Shuffle,https://coin-images.coingecko.com/coins/images/35148/large/shuffle_token_200x200.png?1707552712,0.303925,144586613,221.0,279797038.0,599680.0,0.308354,0.297037,-0.002903317392618343,-0.94623,-1267485.218522489,-0.86901,475730640.4849461,920610980.338615,1000000000.0,0.787524,-61.40747,2024-03-18T06:56:52.000Z,0.141225,115.2058,2024-12-17T06:35:43.000Z,0,2026-09-09T11:40:20.000Z,2024-03-18 06:56:52+00:00,2024-12-17 06:35:43+00:00
gmt-token,gomining,GoMining Token,https://coin-images.coingecko.com/coins/images/15662/large/GoMining_Logo.webp?1769225542,0.357955,144330981,222.0,144330981.0,19184826.0,0.364939,0.357506,-0.006264605626393249,-1.72001,-2559132.379231423,-1.74221,403209847.70096964,403209847.7009696,436915240.0,0.564703,-36.6119,2024-12-16T11:47:13.000Z,0.069487,415.14031,2022-11-09T16:18:31.000Z,0,2026-09-09T11:40:20.000Z,2024-12-16 11:47:13+00:00,2022-11-09 16:18:31+00:00
btse-token,btse,BTSE Token,https://coin-images.coingecko.com/coins/images/10807/large/BTSE_logo_Square.jpeg?1696510765,0.887089,143795303,223.0,177457696.0,841431.0,0.90013,0.865486,0.01679283,1.92955,2753823.0,1.95249,162061501.0,200000000.0,200000000.0,9.21,-90.37301,2022-03-23T01:11:07.000Z,0.06191,1332.87284,2025-10-10T14:48:11.000Z,"{'times': -0.556423424320593, 'currency': 'usd', 'percentage': -55.6423424320593}",2026-09-09T11:40:20.000Z,2022-03-23 01:11:07+00:00,2025-10-10 14:48:11+00:00
apecoin,ape,ApeCoin,https://coin-images.coingecko.com/coins/images/24383/large/APECOIN.png?1756551529,0.143174,143123018,224.0,143123018.0,21179893.0,0.14591,0.141328,-0.002475174816730236,-1.6994,-2526538.5247516334,-1.73467,1000000000.0,1000000000.0,1000000000.0,26.7,-99.4637,2022-04-28T13:44:21.000Z,0.081548,75.5717,2026-04-02T21:49:00.000Z,0,2026-09-09T11:40:20.000Z,2022-04-28 13:44:21+00:00,2026-04-02 21:49:00+00:00
backpack,bp,Backpack,https://coin-images.coingecko.com/coins/images/102171961/large/image_%285%29.png?1774269858,0.56405,141010440,225.0,564041760.0,7167496.0,0.600632,0.509354,0.02124861,3.91462,5310149.0,3.91315,250000000.0,1000000000.0,1000000000.0,0.785169,-28.16197,2026-06-21T09:14:20.000Z,0.117911,378.36866,2026-05-25T19:03:00.000Z,0,2026-09-09T11:40:20.000Z,2026-06-21 09:14:20+00:00,2026-05-25 19:03:00+00:00
safepal,sfp,SafePal,https://coin-images.coingecko.com/coins/images/13905/large/sfp.png?1696513647,0.276565,138285785,226.0,138285785.0,1601364.0,0.281667,0.272902,-0.005863878010926804,-2.07623,-2928671.7789764106,-2.07392,500000000.0,500000000.0,500000000.0,4.19,-93.39545,2021-02-09T10:30:34.000Z,0.199787,38.42998,2026-07-29T21:05:20.000Z,0,2026-09-09T11:40:20.000Z,2021-02-09 10:30:34+00:00,2026-07-29 21:05:20+00:00
railgun,rail,Railgun,https://coin-images.coingecko.com/coins/images/16840/large/railgun.jpeg?1696516407,2.3,138273782,227.0,138273782.0,86397.0,2.35,2.25,0.00943589,0.41117,581642.0,0.42242,60000000.0,60000000.0,100000000.0,5.66,-59.28744,2025-11-07T10:42:15.000Z,0.228324,909.22367,2022-11-09T14:15:17.000Z,0,2026-09-09T11:40:20.000Z,2025-11-07 10:42:15+00:00,2022-11-09 14:15:17+00:00
zencash,zen,Horizen,https://coin-images.coingecko.com/coins/images/691/large/Horizen2.0-logo_icon-on-yellow_%281%29.png?1751696763,7.53,138069214,228.0,158179259.0,28312089.0,7.57,6.92,0.554835,7.95802,10270818.0,8.03673,18330175.014408942,21000000.0,21000000.0,165.92,-95.46355,2021-05-07T22:00:30.000Z,3.26,130.56325,2019-10-16T16:00:00.000Z,0,2026-09-09T11:40:20.000Z,2021-05-07 22:00:30+00:00,2019-10-16 16:00:00+00:00
vaulta,a,Vaulta,https://coin-images.coingecko.com/coins/images/55616/large/Vaulta_CEX_Icon_Circle_-_cmc.png?1746859132,0.08142,135658500,229.0,171011343.0,5157670.0,0.085372,0.079452,0.00017102,0.21049,324720.0,0.23994,1665871078.4133,2100000000.0,2100000000.0,0.778734,-89.54454,2025-05-28T00:22:53.000Z,0.057641,41.25484,2026-06-06T05:03:15.000Z,0,2026-09-09T11:40:20.000Z,2025-05-28 00:22:53+00:00,2026-06-06 05:03:15+00:00
tradable-latam-fintech-sstn,pc0000097,Tradable LatAm Fintech SSTN,https://coin-images.coingecko.com/coins/images/66796/large/tradable.jpg?1750576421,1.0,134000000,230.0,0.0,0.0,1.0,1.0,-1.11e-16,0.0,-1.4901161194e-08,0.0,134000000.0,134000000.0,300000000.0,1.0,0.0,2025-07-03T02:25:03.000Z,1.0,0.0,2026-07-23T07:25:00.000Z,0,2026-09-09T11:40:20.000Z,2025-07-03 02:25:03+00:00,2026-07-23 07:25:00+00:00
jpysc,jpysc,JPYSC,https://coin-images.coingecko.com/coins/images/102174247/large/jpysc_200.png?1782808870,0.00652236,130906770,231.0,130906770.0,0.0,0.00653541,0.00647798,3.862e-05,0.5957,791753.0,0.6085,20070453457.0,20070453457.0,1000000000.0,0.0065361,-0.21024,2026-09-08T02:30:00.000Z,0.00610725,6.797,2026-07-30T08:00:20.000Z,0,2026-09-09T11:40:20.000Z,2026-09-08 02:30:00+00:00,2026-07-30 08:00:20+00:00
1inch,1inch,1INCH,https://coin-images.coingecko.com/coins/images/13469/large/0x111111111117dc0aa78b770fa6a738034120c302_0x2b2c127f11a6604d4319c936334506b86c339a3773b6f2731db0ed4a4fb7fb72.jpg?1787890016,0.092979,130678242,232.0,139457167.0,18825034.0,0.094108,0.091208,0.00019103,0.20587,257940.0,0.19778,1405573965.7275033,1499999999.997,1500000000.0,8.65,-98.9253,2021-10-27T00:24:54.000Z,0.064865,43.34306,2026-07-01T01:13:30.000Z,0,2026-09-09T11:40:20.000Z,2021-10-27 00:24:54+00:00,2026-07-01 01:13:30+00:00
avant-usd,avusd,Avant USD,https://coin-images.coingecko.com/coins/images/53527/large/token-avusd.png?1736579003,0.99854,127978897,234.0,127978897.0,834.71,0.999456,0.998129,-0.000437227039962962,-0.04377,-3454414.087377548,-2.62826,128166046.5391079,128201068.8213749,1000000000.0,1.09,-8.40928,2026-07-28T02:28:40.000Z,0.924607,7.99619,2026-06-19T19:10:00.000Z,0,2026-09-09T11:40:20.000Z,2026-07-28 02:28:40+00:00,2026-06-19 19:10:00+00:00
zama,zama,Zama,https://coin-images.coingecko.com/coins/images/70921/large/zama.png?1764591992,0.051285,127926925,235.0,579748752.0,7582737.0,0.052694,0.050574,-0.000116550008591426,-0.22674,-265069.0514062941,-0.20678,2494426766.648674,11304428717.34256,1000000000.0,0.06628,-22.62387,2026-07-27T17:16:40.000Z,0.01673142,206.51976,2026-02-12T09:20:22.000Z,0,2026-09-09T11:40:20.000Z,2026-07-27 17:16:40+00:00,2026-02-12 09:20:22+00:00
havven,snx,Synthetix,https://coin-images.coingecko.com/coins/images/3406/large/SNX.png?1696504103,0.219801,127703504,236.0,127796621.0,14722293.0,0.222115,0.216043,-0.002100379074139513,-0.94654,-1216798.6638053805,-0.94384,580980590.4572881,581404223.5556631,1000000000.0,28.53,-99.22964,2021-02-13T17:12:38.000Z,0.0347864,531.8586,2019-01-05T16:00:00.000Z,"{'times': -0.5617100628965368, 'currency': 'usd', 'percentage': -56.17100628965368}",2026-09-09T11:40:20.000Z,2021-02-13 17:12:38+00:00,2019-01-05 16:00:00+00:00
marscoin-4,marscoin,MarsCoin,https://coin-images.coingecko.com/coins/images/102175246/large/1000299474.png?1785934648,0.127146,127577466,233.0,127577466.0,93111041.0,0.147736,0.117881,-0.005179057908797607,-3.91388,-4747852.006075472,-3.58801,1000000000.0,1000000000.0,1000000000.0,0.263444,-51.73696,2026-09-05T18:14:20.000Z,0.02333067,444.97475,2026-08-21T08:33:50.000Z,0,2026-09-09T11:40:20.000Z,2026-09-05 18:14:20+00:00,2026-08-21 08:33:50+00:00
cash-4,cash,CASH,https://coin-images.coingecko.com/coins/images/69679/large/cash.jpg?1759283906,0.999898,126734180,237.0,126734180.0,15929991.0,1.002,0.999537,0.00023738,0.02375,2050848.0,1.64485,126747083.549925,126747083.549925,1000000000.0,1.058,-5.5208,2025-11-15T12:50:58.000Z,0.975346,2.51734,2025-12-15T11:40:12.000Z,0,2026-09-09T11:40:20.000Z,2025-11-15 12:50:58+00:00,2025-12-15 11:40:12+00:00
ozone-chain,ozo,Ozone Chain,https://coin-images.coingecko.com/coins/images/31385/large/ozonechain-momogram-200x200.png?1696530201,0.130882,125768411,238.0,130881518.0,207065.0,0.13259,0.130009,0.00032712,0.25056,314338.0,0.25056,960933314.0,1000000000.0,1000000000.0,0.485077,-73.01842,2024-04-29T01:02:20.000Z,0.060046,117.96732,2023-10-07T13:15:21.000Z,0,2026-09-09T11:40:20.000Z,2024-04-29 01:02:20+00:00,2023-10-07 13:15:21+00:00
rollbit-coin,rlb,Rollbit Coin,https://coin-images.coingecko.com/coins/images/24552/large/unziL6wO_400x400.jpg?1696523729,0.079392,125171981,239.0,125173118.0,594791.0,0.083917,0.074117,-0.003654478414663445,-4.40052,-5800365.759587631,-4.42869,1576595036.9924269,1576609349.787593,5000000000.0,0.264358,-69.96793,2023-11-11T09:10:05.000Z,0.00093506,8390.59522,2022-07-01T18:46:34.000Z,0,2026-09-09T11:40:20.000Z,2023-11-11 09:10:05+00:00,2022-07-01 18:46:34+00:00
collector-crypt,cards,Collector Crypt,https://coin-images.coingecko.com/coins/images/68728/large/cards-logo.jpeg?1756534539,0.125968,119322832,240.0,249068401.0,5574660.0,0.146242,0.121703,-0.012779184253842474,-9.21042,-12103846.084338486,-9.20958,947239523.257994,1977219475.395717,2000000000.0,0.381443,-66.976,2025-09-14T12:18:08.000Z,0.02121763,493.69428,2025-09-01T18:58:55.000Z,0,2026-09-09T11:40:20.000Z,2025-09-14 12:18:08+00:00,2025-09-01 18:58:55+00:00
quack-ai,q,Quack AI,https://coin-images.coingecko.com/coins/images/68793/large/quack_ai.png?1756615808,0.02676162,118977900,241.0,267616640.0,2391582.0,0.02890135,0.02608663,-0.000878517986073291,-3.17841,-3905557.8609057516,-3.17826,4445833415.0,10000000000.0,10000000000.0,0.052458,-48.98504,2025-10-07T06:02:00.000Z,0.00527092,407.72213,2026-03-28T01:22:00.000Z,0,2026-09-09T11:40:20.000Z,2025-10-07 06:02:00+00:00,2026-03-28 01:22:00+00:00
mina-protocol,mina,Mina Protocol,https://coin-images.coingecko.com/coins/images/15628/large/JM4_vQ34_400x400.png?1696515261,0.091576,118456289,242.0,118456289.0,22244313.0,0.092171,0.080353,0.00822132,9.86302,10625662.0,9.85403,1293631019.840039,1293631019.840039,1000000000.0,9.09,-98.9926,2021-05-31T17:42:37.000Z,0.0366688,149.73911,2026-06-30T13:00:40.000Z,0,2026-09-09T11:40:20.000Z,2021-05-31 17:42:37+00:00,2026-06-30 13:00:40+00:00
chip-2,chip,USD.AI,https://coin-images.coingecko.com/coins/images/102171777/large/CHIP_Token_Logo_Large.png?1776777444,0.059078,118266572,243.0,591332862.0,25076585.0,0.060728,0.051887,0.00698108,13.40027,14073419.0,13.50705,2000000000.0,10000000000.0,10000000000.0,0.140189,-57.85867,2026-04-23T01:38:00.000Z,0.02161887,173.26892,2026-08-09T23:50:20.000Z,0,2026-09-09T11:40:20.000Z,2026-04-23 01:38:00+00:00,2026-08-09 23:50:20+00:00
theo-short-duration-us-treasury-fund,thbill,Theo Short Duration US Treasury Fund,https://coin-images.coingecko.com/coins/images/67650/large/thBILL.png?1753401034,1.019,117988936,244.0,117988936.0,81349.0,1.1,1.014,0.0047821,0.47173,553976.0,0.47173,115843689.787306,115843689.787306,1000000000.0,1.11,-8.36916,2025-10-10T14:40:31.000Z,0.906552,12.35077,2025-10-10T13:35:37.000Z,0,2026-09-09T11:40:20.000Z,2025-10-10 14:40:31+00:00,2025-10-10 13:35:37+00:00
circle-internet-group-ondo-tokenized-stock,crclon,Circle Internet Group (Ondo Tokenized Stock),https://coin-images.coingecko.com/coins/images/68595/large/crclon_160x160.png?1756129889,96.73,116912296,245.0,116912296.0,4224607.0,100.82,95.14,-3.0482545892605515,-3.05497,-3059651.585443154,-2.55031,1208632.151813336,1208632.151813336,1000000000.0,158.37,-38.92097,2025-10-10T05:49:47.000Z,47.99,101.58075,2026-02-05T16:26:02.000Z,0,2026-09-09T11:40:20.000Z,2025-10-10 05:49:47+00:00,2026-02-05 16:26:02+00:00
stp-network,awe,AWE Network,https://coin-images.coingecko.com/coins/images/8713/large/awe-network.jpg?1747816016,0.059994,116536261,246.0,116536261.0,1394320.0,0.060726,0.059421,-0.000137090898223342,-0.22799,-263255.1016346514,-0.22539,1942420282.5203903,1942420282.5203903,2000000000.0,0.270085,-77.78707,2021-10-06T00:03:37.000Z,0.00646736,827.64034,2019-09-30T16:00:00.000Z,"{'times': 5.001491269488497, 'currency': 'usd', 'percentage': 500.1491269488497}",2026-09-09T11:40:20.000Z,2021-10-06 00:03:37+00:00,2019-09-30 16:00:00+00:00
meta-2-2,meta,MetaDAO,https://coin-images.coingecko.com/coins/images/68320/large/META.png?1755335883,5.14,116515224,247.0,116515224.0,1253686.0,5.36,5.1,-0.1298201723407093,-2.46517,-2946119.1949236095,-2.46617,22684691.682598,22684691.682598,1000000000.0,10.84,-52.61988,2025-10-21T09:10:23.000Z,0.724356,609.09116,2025-08-17T10:45:50.000Z,0,2026-09-09T11:40:20.000Z,2025-10-21 09:10:23+00:00,2025-08-17 10:45:50+00:00
dog-go-to-the-moon-rune,dog,Dog (Bitcoin),https://coin-images.coingecko.com/coins/images/37352/large/DOGGOTOTHEMOON.png?1714096969,0.00116387,116394061,248.0,116394061.0,820817.0,0.00116702,0.00108235,5.136e-05,4.61675,5143080.0,4.62295,100000000000.0,100000000000.0,100000000000.0,0.0099237,-88.2718,2024-12-11T08:05:38.000Z,0.00055967,107.95784,2026-06-24T17:23:00.000Z,0,2026-09-09T11:40:20.000Z,2024-12-11 08:05:38+00:00,2026-06-24 17:23:00+00:00
immutable-x,imx,Immutable,https://coin-images.coingecko.com/coins/images/17233/large/immutableX-symbol-BLK-RGB.png?1696516787,0.131213,115453728,250.0,262552352.0,15041082.0,0.134437,0.129973,-0.001104762548001126,-0.83493,-915617.004705131,-0.78682,879472049.1198139,2000000000.0,2000000000.0,9.52,-98.62171,2021-11-25T17:03:01.000Z,0.094763,38.46343,2026-08-19T03:08:10.000Z,0,2026-09-09T11:40:20.000Z,2021-11-25 17:03:01+00:00,2026-08-19 03:08:10+00:00
sonic-3,s,Sonic,https://coin-images.coingecko.com/coins/images/38108/large/200x200_Sonic_Logo.png?1734679256,0.02970813,115434007,251.0,115434007.0,15296431.0,0.03087207,0.02889048,-0.000574390854680015,-1.89677,-2228652.6044511646,-1.8941,3885497663.0,3885497663.0,1000000000.0,1.029,-97.11424,2025-01-04T13:35:44.000Z,0.01906602,55.81715,2026-06-25T13:59:50.000Z,0,2026-09-09T11:40:20.000Z,2025-01-04 13:35:44+00:00,2026-06-25 13:59:50+00:00
niu-lai,牛来,牛来 (Niu Lai),https://coin-images.coingecko.com/coins/images/102175567/large/niulai.webp?1786873800,0.11535,115407132,249.0,115407132.0,48136481.0,0.123858,0.082695,0.03253707,39.28975,32594017.0,39.35852,1000000000.0,1000000000.0,1000000000.0,0.139289,-17.18635,2026-09-05T17:26:30.000Z,0.01055411,992.94137,2026-08-16T13:02:40.000Z,0,2026-09-09T11:40:20.000Z,2026-09-05 17:26:30+00:00,2026-08-16 13:02:40+00:00
the-sandbox,sand,The Sandbox,https://coin-images.coingecko.com/coins/images/12129/large/sandbox_logo.jpg?1696511971,0.03910332,114865077,252.0,117303436.0,16015148.0,0.04111923,0.0395642,-0.001595753869280278,-3.92086,-4694127.841416493,-3.9262,2937639702.3733225,3000000000.0,3000000000.0,8.4,-99.53431,2021-11-24T22:04:40.000Z,0.02897764,34.94307,2020-11-04T07:59:14.000Z,0,2026-09-09T11:40:20.000Z,2021-11-24 22:04:40+00:00,2020-11-04 07:59:14+00:00
four,form,Four,https://coin-images.coingecko.com/coins/images/54912/large/four.jpg?1742461445,0.300593,114769258,254.0,172003925.0,50333414.0,0.340386,0.274361,-0.005920007859136545,-1.9314,-2278071.5628971756,-1.94628,381867255.14,572301922.1,580000000.0,4.19,-92.82262,2025-09-08T04:17:03.000Z,0.178657,68.25169,2026-07-17T14:01:50.000Z,0,2026-09-09T11:40:20.000Z,2025-09-08 04:17:03+00:00,2026-07-17 14:01:50+00:00
dgrid-ai,dgai,DGrid AI,https://coin-images.coingecko.com/coins/images/102175792/large/dgrid.png?1787573447,0.764947,114766474,253.0,765109824.0,64125596.0,0.785821,0.727263,0.01591385,2.12459,2411542.0,2.14636,150000000.0,1000000000.0,1000000000.0,0.846164,-9.59833,2026-08-24T21:24:20.000Z,0.364155,110.06078,2026-08-24T17:03:40.000Z,0,2026-09-09T11:40:20.000Z,2026-08-24 21:24:20+00:00,2026-08-24 17:03:40+00:00
tradable-singapore-fintech-ssl-2,pc0000023,Tradable Singapore Fintech SSL,https://coin-images.coingecko.com/coins/images/66954/large/tradable.jpg?1751254449,1.0,114500000,0.0,114500000.0,0.0,0.0,0.0,3.8144999999999995e-05,0.011965,52452.0,0.030195,114500000.0,114500000.0,114500000.0,1.0,0.0,2025-07-03T02:25:09.000Z,1.0,0.0,2025-07-03T02:25:09.000Z,0,2026-07-10T19:20:16.000Z,2025-07-03 02:25:09+00:00,2025-07-03 02:25:09+00:00
alpha-bulgaria-warrants,alfw,Alpha Bulgaria Warrants,https://coin-images.coingecko.com/coins/images/102174400/large/0fc344_46599cf95f3b4eac9dcd8b50a1fcd064_mv2%281%29%281%29.png?1783581235,3.2,114330001,255.0,114330001.0,0.0,3.2,3.2,-4.44e-16,0.0,-1.4901161194e-08,0.0,35714286.0,35714286.0,35714286.0,3.2,0.0,2026-08-19T20:35:00.000Z,3.2,0.0,2026-08-19T15:45:00.000Z,0,2026-09-09T11:40:20.000Z,2026-08-19 20:35:00+00:00,2026-08-19 15:45:00+00:00
basic-attention-token,bat,Basic Attention,https://coin-images.coingecko.com/coins/images/677/large/basic-attention-token.png?1696501867,0.076377,114237273,256.0,114563806.0,15618322.0,0.078579,0.07328,0.00116166,1.54445,1736138.0,1.54322,1495724656.9526057,1500000000.0,1500000000.0,1.9,-95.98134,2021-11-27T16:23:51.000Z,0.055241,38.26049,2026-08-14T15:07:10.000Z,"{'times': -0.8039120823291401, 'currency': 'eth', 'percentage': -80.39120823291401}",2026-09-09T11:40:20.000Z,2021-11-27 16:23:51+00:00,2026-08-14 15:07:10+00:00
chutes,sn64,Chutes,https://coin-images.coingecko.com/coins/images/66308/large/chutes.jpg?1749181700,19.26,113308534,257.0,113308534.0,518456.0,19.82,17.22,0.368117,1.94894,2322992.0,2.09306,5884283.544982547,5884283.544982547,21000000.0,104.42,-81.55935,2025-06-10T03:46:43.000Z,0.344143,5495.38934,2026-03-26T15:23:00.000Z,0,2026-09-09T11:40:20.000Z,2025-06-10 03:46:43+00:00,2026-03-26 15:23:00+00:00
bc-token,bc,BCGame Coin,https://coin-images.coingecko.com/coins/images/53197/large/Graphic_Only-200black.png?1746867614,0.03523556,113136495,258.0,331597138.0,68283.0,0.03547725,0.03387748,0.00048882,1.40679,1569518.0,1.40679,3210860915.6839733,9410865135.683973,10000000000.0,0.04108352,-14.23431,2026-08-27T15:11:10.000Z,0.00291432,1109.0512,2025-04-06T23:00:26.000Z,0,2026-09-09T11:40:20.000Z,2026-08-27 15:11:10+00:00,2025-04-06 23:00:26+00:00
permacast,pwt,Permacast,https://coin-images.coingecko.com/coins/images/102175793/large/permacast.jpg?1787581166,0.580172,112609769,259.0,536236994.0,3599249.0,0.585803,0.568803,-0.005377278269903085,-0.91833,0.0,0.0,210000000.0,1000000000.0,1000000000.0,0.683497,-15.11723,2026-08-24T15:47:10.000Z,0.487092,19.1092,2026-09-03T16:24:30.000Z,0,2026-09-09T11:40:20.000Z,2026-08-24 15:47:10+00:00,2026-09-03 16:24:30+00:00
astherus-usdf,usdf,Aster USDF,https://coin-images.coingecko.com/coins/images/54133/large/USDF_LOGO.png?1738393978,0.99834,112285249,260.0,112285249.0,116672.0,1.0,0.998409,-0.000171585830372134,-0.01718,-277019.1048287302,-0.2461,112472000.7051118,112472042.7051121,1000000000.0,1.046,-4.58236,2025-10-10T14:42:58.000Z,0.798494,25.02784,2025-10-10T13:23:15.000Z,0,2026-09-09T11:40:20.000Z,2025-10-10 14:42:58+00:00,2025-10-10 13:23:15+00:00
melania-meme,melania,Melania Meme,https://coin-images.coingecko.com/coins/images/53775/large/melania-meme.png?1737329885,0.111788,111808315,261.0,111808316.0,20198386.0,0.115313,0.109337,-0.000237831958257329,-0.2123,-216607.00732080638,-0.19336,999995792.782406,999995798.259555,1000000000.0,13.05,-99.14352,2025-01-19T23:00:55.000Z,0.066246,68.7466,2026-06-06T05:03:30.000Z,0,2026-09-09T11:40:20.000Z,2025-01-19 23:00:55+00:00,2026-06-06 05:03:30+00:00
meteora,met,Meteora,https://coin-images.coingecko.com/coins/images/69110/large/meteora.png?1757517561,0.202796,111686164,262.0,202334497.0,9669572.0,0.210879,0.192547,0.00864218,4.4512,4774529.0,4.46586,550736821.667488,997733774.33452,1000000000.0,0.686913,-70.47719,2025-10-23T05:01:20.000Z,0.094433,114.75,2026-06-06T05:03:00.000Z,0,2026-09-09T11:40:20.000Z,2025-10-23 05:01:20+00:00,2026-06-06 05:03:00+00:00
frax-usd,frxusd,Frax USD,https://coin-images.coingecko.com/coins/images/53963/large/frxUSD.png?1737792154,0.999579,109876319,263.0,109876413.0,2693489.0,1.0,0.9995,-0.000193445624066424,-0.01935,-612267.5245041996,-0.55415,109907905.24237438,109907999.1473143,1000000000.0,1.088,-8.10497,2026-04-12T03:19:00.000Z,0.97622,2.39272,2025-02-17T09:32:23.000Z,0,2026-09-09T11:40:20.000Z,2026-04-12 03:19:00+00:00,2025-02-17 09:32:23+00:00
celium,sn51,lium,https://coin-images.coingecko.com/coins/images/66328/large/lium_Icon_FullColor_500x500.png?1766792920,23.43,109697827,264.0,109697827.0,1750034.0,23.59,20.99,1.086,4.86281,5273189.0,5.04976,4682642.634370252,4682642.634370252,21000000.0,37.11,-36.87395,2025-07-17T22:21:06.000Z,0.164238,14163.77614,2026-03-26T07:56:00.000Z,0,2026-09-09T11:40:20.000Z,2025-07-17 22:21:06+00:00,2026-03-26 07:56:00+00:00
golem,glm,Golem,https://coin-images.coingecko.com/coins/images/542/large/Golem_Submark_Positive_RGB.png?1696501761,0.108304,108276571,265.0,108276571.0,4182223.0,0.114473,0.10845,-0.003810613106054364,-3.39885,-3838100.439190075,-3.42337,1000000000.0,1000000000.0,1000000000.0,1.32,-91.82182,2018-04-13T01:13:22.000Z,0.00913753,1085.26624,2016-12-11T16:00:00.000Z,"{'times': 9.83472425333772, 'currency': 'usd', 'percentage': 983.472425333772}",2026-09-09T11:40:20.000Z,2018-04-13 01:13:22+00:00,2016-12-11 16:00:00+00:00
zksync,zk,ZKsync,https://coin-images.coingecko.com/coins/images/38043/large/ZKTokenBlack.png?1718614502,0.01040147,107895826,266.0,218488733.0,8028486.0,0.01075802,0.01018537,0.00010136,0.98406,1079677.0,1.01078,10370385240.0,21000000000.0,21000000000.0,0.320983,-96.75949,2024-06-16T23:44:40.000Z,0.00712159,46.05558,2026-08-14T10:02:40.000Z,0,2026-09-09T11:40:20.000Z,2024-06-16 23:44:40+00:00,2026-08-14 10:02:40+00:00
cheems-token,cheems,Cheems Token,https://coin-images.coingecko.com/coins/images/30376/large/Hg4_Lhbg_400x400.jpg?1696529270,5.29291e-07,107805561,267.0,107805561.0,188487.0,5.38279e-07,5.26337e-07,-5.207160032e-09,-0.97421,-1057302.7707990408,-0.97122,203672952069062.34,203672952069062.34,219776051832671.0,2.16e-06,-75.50603,2025-03-25T05:56:11.000Z,5.725e-09,9145.13079,2023-09-04T10:45:23.000Z,0,2026-09-09T11:40:20.000Z,2025-03-25 05:56:11+00:00,2023-09-04 10:45:23+00:00
nxm,nxm,Nexus Mutual,https://coin-images.coingecko.com/coins/images/11810/large/NXMmain.png?1696511684,63.59,106944165,269.0,106944165.0,0.0,64.23,62.43,0.307476,0.48588,271746.0,0.25475,1681773.137612989,1681773.137612989,1000000000.0,185.97,-65.8069,2021-11-10T07:14:14.000Z,6.96,813.2701,2020-07-22T11:54:06.000Z,0,2026-09-09T11:40:20.000Z,2021-11-10 07:14:14+00:00,2020-07-22 11:54:06+00:00
prometeus,prom,Prom,https://coin-images.coingecko.com/coins/images/8825/large/Ticker.png?1696508978,5.85,106831720,270.0,112685513.0,357054300.0,6.26,5.78,-0.0721599186684978,-1.21823,-1269602.6233382672,-1.17446,18250000.0,19250000.0,19250000.0,105.94,-94.4767,2021-04-29T17:09:49.000Z,0.088747,6493.13124,2019-11-08T05:37:42.000Z,"{'times': 4.855212289054201, 'currency': 'usd', 'percentage': 485.5212289054201}",2026-09-09T11:40:20.000Z,2021-04-29 17:09:49+00:00,2019-11-08 05:37:42+00:00
anonymous-cat,zcat,Anonymous Cat,https://coin-images.coingecko.com/coins/images/102176753/large/zcat.webp?1788637007,0.110758,106091220,268.0,106091220.0,23004157.0,0.138466,0.078658,0.01108578,11.1222,9518350.0,9.85613,968875689.3695968,968875689.3695968,1000000000.0,0.175532,-36.90144,2026-09-07T00:53:50.000Z,0.02244425,393.48195,2026-09-05T19:58:20.000Z,0,2026-09-09T11:40:20.000Z,2026-09-07 00:53:50+00:00,2026-09-05 19:58:20+00:00
tradable-na-third-party-online-merchant-sstn,pc0000015,Tradable NA Third Party Online Merchant SSTN,https://coin-images.coingecko.com/coins/images/66880/large/tradable.jpg?1750921859,1.0,105971760,271.0,105971760.0,0.0,1.0,1.0,-1.11e-16,0.0,-1.4901161194e-08,0.0,105971759.52,105971759.52,350000000.0,1.0,0.0,2025-07-03T02:25:11.000Z,1.0,0.0,2026-07-23T07:25:00.000Z,0,2026-09-09T11:40:20.000Z,2025-07-03 02:25:11+00:00,2026-07-23 07:25:00+00:00
sentient,sent,Sentient,https://coin-images.coingecko.com/coins/images/70508/large/SENTIENT-Icon-BlushForce-L.png?1762267532,0.01451604,105058168,272.0,498733076.0,11637556.0,0.01539375,0.01417844,-0.000255821367216615,-1.73182,-1858797.4582707286,-1.73854,7237882055.0,34359738368.0,34359738368.0,0.04805315,-69.7917,2026-01-31T16:00:25.000Z,0.01130719,28.37879,2026-07-29T07:25:50.000Z,0,2026-09-09T11:40:20.000Z,2026-01-31 16:00:25+00:00,2026-07-29 07:25:50+00:00
instadapp,fluid,Fluid,https://coin-images.coingecko.com/coins/images/14688/large/Frame_1686566116_%281%29_%281%29.png?1784708239,1.25,104790256,273.0,125201931.0,1161081.0,1.29,1.25,-0.026795355694749334,-2.0953,-2244046.6472852677,-2.09657,83696996.82034639,100000000.0,100000000.0,24.4,-94.86888,2021-06-16T12:02:32.000Z,0.366538,241.58394,2022-12-28T08:20:48.000Z,0,2026-09-09T11:40:20.000Z,2021-06-16 12:02:32+00:00,2022-12-28 08:20:48+00:00
helium,hnt,Helium,https://coin-images.coingecko.com/coins/images/4284/large/helium_logo_use.png?1748092589,0.554559,104446328,274.0,104446327.0,8413758.0,0.58788,0.55262,-0.011122361127012703,-1.96619,-1949746.577977568,-1.83254,188295067.4841211,188295065.5947764,223000000.0,54.88,-98.98945,2021-11-12T15:08:25.000Z,0.113248,389.68661,2020-04-17T16:19:10.000Z,0,2026-09-09T11:40:20.000Z,2021-11-12 15:08:25+00:00,2020-04-17 16:19:10+00:00
sosovalue,soso,SoSoValue,https://coin-images.coingecko.com/coins/images/53919/large/soso.jpg?1737717378,0.304744,104227689,275.0,304757944.0,4197732.0,0.30955,0.303965,-0.003445263785148478,-1.1179,-1173594.3197874576,-1.11345,342001548.0,1000000000.0,1000000000.0,1.42,-78.54717,2025-01-25T04:11:14.000Z,0.267867,13.76694,2026-06-14T00:52:00.000Z,0,2026-09-09T11:40:20.000Z,2025-01-25 04:11:14+00:00,2026-06-14 00:52:00+00:00
genius-3,genius,Genius,https://coin-images.coingecko.com/coins/images/71660/large/genius.png?1768804210,0.309883,103944299,276.0,295667476.0,8056379.0,0.311388,0.295094,0.00629792,2.07452,2128975.0,2.09102,335377059.0,953973324.2879035,1000000000.0,0.95329,-67.49337,2026-04-18T11:06:00.000Z,0.272078,13.89483,2026-08-28T16:25:20.000Z,0,2026-09-09T11:40:20.000Z,2026-04-18 11:06:00+00:00,2026-08-28 16:25:20+00:00
securitize-tokenized-aaa-clo-fund,stac,Securitize Tokenized AAA CLO Fund,https://coin-images.coingecko.com/coins/images/71167/large/stac_logo.png?1766163743,1032.4,103443994,277.0,103443994.0,0.0,1034.65,1027.92,1.25,0.12087,124879.0,0.12087,100198.000776,100198.000776,1000000000.0,1050.06,-1.68205,2026-08-19T15:30:00.000Z,997.66,3.48169,2026-02-05T16:15:06.000Z,0,2026-09-09T11:40:20.000Z,2026-08-19 15:30:00+00:00,2026-02-05 16:15:06+00:00
geodnet,geod,Geodnet,https://coin-images.coingecko.com/coins/images/31608/large/Circular_White.png?1696530424,0.221732,102522495,278.0,213393715.0,769093.0,0.223988,0.221179,-0.002025805512223144,-0.90535,-936672.5098676383,-0.90535,462370402.618101,962393067.618101,1000000000.0,0.374342,-40.76743,2025-01-25T12:51:06.000Z,0.03417228,548.86619,2023-09-13T00:00:24.000Z,0,2026-09-09T11:40:20.000Z,2025-01-25 12:51:06+00:00,2023-09-13 00:00:24+00:00
dydx-chain,dydx,dYdX,https://coin-images.coingecko.com/coins/images/32594/large/dydx.png?1698673495,0.121171,102522142,279.0,116123417.0,2569547.0,0.124497,0.119494,-0.000753723084482641,-0.61819,-637755.3784800619,-0.61822,846094216.4335754,958342751.0,1000000000.0,4.52,-97.31842,2024-03-07T14:19:11.000Z,0.078815,53.74082,2026-03-07T19:05:30.000Z,0,2026-09-09T11:40:20.000Z,2024-03-07 14:19:11+00:00,2026-03-07 19:05:30+00:00
unity-usd,uusd,Unity USD,https://coin-images.coingecko.com/coins/images/102172413/large/UUSD.png?1773390929,1.002,100198834,280.0,100198834.0,2715475.0,1.004,0.99433,0.00063129,0.06304,63129.0,0.06304,100000000.0,100000000.0,1000000000.0,1.26,-20.21622,2026-07-09T09:46:00.000Z,0.840277,19.245,2026-07-24T09:07:20.000Z,0,2026-09-09T11:40:20.000Z,2026-07-09 09:46:00+00:00,2026-07-24 09:07:20+00:00
tradable-latam-middle-market-lender-sstl,pc0000085,Tradable LatAm Middle-Market Lender SSTL,https://coin-images.coingecko.com/coins/images/66877/large/tradable.jpg?1750921571,1.0,100124199,281.0,100124199.0,0.0,1.0,1.0,-1.11e-16,0.0,-1.4901161194e-08,0.0,100124198.51,100124198.51,150000000.0,1.0,0.0,2025-07-03T02:25:10.000Z,1.0,0.0,2026-07-23T07:25:00.000Z,0,2026-09-09T11:40:20.000Z,2025-07-03 02:25:10+00:00,2026-07-23 07:25:00+00:00
tradable-singapore-fintech-ssl,pc0000077,Tradable Singapore Fintech SSL,https://coin-images.coingecko.com/coins/images/66878/large/tradable.jpg?1750921608,1.0,100000000,282.0,0.0,0.0,1.0,1.0,-1.11e-16,0.0,-1.4901161194e-08,0.0,100000000.0,100000000.0,100000000.0,1.0,0.0,2025-07-03T02:25:10.000Z,1.0,0.0,2026-07-23T07:25:00.000Z,0,2026-09-09T11:40:20.000Z,2025-07-03 02:25:10+00:00,2026-07-23 07:25:00+00:00
aethir,ath,Aethir,https://coin-images.coingecko.com/coins/images/36179/large/logogram_circle_dark_green_vb_green_%281%29.png?1718232706,0.00495836,99802316,283.0,208244139.0,8509365.0,0.00506578,0.00468618,8.901e-05,1.82793,1788232.0,1.82446,20128764593.0,42000000000.0,42000000000.0,0.118536,-95.81699,2024-06-12T02:00:49.000Z,0.00364136,36.16799,2026-08-14T11:02:20.000Z,0,2026-09-09T11:40:20.000Z,2024-06-12 02:00:49+00:00,2026-08-14 11:02:20+00:00
greenhood,hood,GreenHood,https://coin-images.coingecko.com/coins/images/102176621/large/logo-hood.png?1788349308,0.098513,98513036,284.0,98513036.0,4785273.0,0.099624,0.00963217,0.088881,922.75011,88880866.0,922.75009,1000000000.0,1000000000.0,1000000000.0,0.099624,-1.11555,2026-09-09T08:36:00.000Z,0.00923284,966.98527,2026-09-02T17:23:00.000Z,0,2026-09-09T11:40:20.000Z,2026-09-09 08:36:00+00:00,2026-09-02 17:23:00+00:00
circle-internet-group-bstock,crclb,Circle Internet Group (bStocks Tokenized Stock),https://coin-images.coingecko.com/coins/images/102173742/large/circle-internet-group-tokenized-bStocks-crclb.png?1781196448,96.78,98116937,285.0,98116937.0,18765079.0,100.97,95.21,-2.9736808100687853,-2.98099,-1565316.7039879113,-1.57031,1013860.96773512,1013860.96773512,1000000000.0,105.64,-8.38363,2026-09-07T00:07:10.000Z,58.2,66.28184,2026-08-03T14:09:10.000Z,0,2026-09-09T11:40:20.000Z,2026-09-07 00:07:10+00:00,2026-08-03 14:09:10+00:00
bermuda-shorts,short,Bermuda Shorts,https://coin-images.coingecko.com/coins/images/55052/large/20250304_082156_%281%29.png?1743439016,2.163e-05,97552718,286.0,97552718.0,4528.14,2.379e-05,2.163e-05,-1.966429710871e-06,-8.33256,0.0,0.0,4000000000000.0,3999999490.0,4000000000000.0,0.000621,-96.51643,2025-11-09T01:41:31.000Z,2.67934e-10,8073867.88962,2026-04-02T08:14:00.000Z,0,2026-09-09T11:40:20.000Z,2025-11-09 01:41:31+00:00,2026-04-02 08:14:00+00:00
wemix-token,wemix,WEMIX,https://coin-images.coingecko.com/coins/images/12998/large/wemixcoin_color_200.png?1696512788,0.194768,97210924,287.0,109052083.0,338544.0,0.197465,0.193953,-0.000451034917376553,-0.23104,-220941.40147559345,-0.22677,499112117.5330705,559908354.7427065,590000000.0,24.71,-99.21184,2021-11-21T09:33:44.000Z,0.128398,51.69057,2021-06-22T04:52:49.000Z,0,2026-09-09T11:40:20.000Z,2021-11-21 09:33:44+00:00,2021-06-22 04:52:49+00:00
unitywallet-token,unt,UnityWallet Token,https://coin-images.coingecko.com/coins/images/71637/large/unity_wallet_logo.png?1768642266,0.147448,96849280,288.0,147363323.0,20836.0,0.152821,0.127383,0.01813711,14.02602,11864617.0,13.96089,657214270.0538905,999999985.0538905,1000000000.0,0.153578,-3.99171,2026-09-05T16:12:30.000Z,0.04934818,198.79022,2026-02-05T16:30:17.000Z,0,2026-09-09T11:40:20.000Z,2026-09-05 16:12:30+00:00,2026-02-05 16:30:17+00:00
qtum,qtum,Qtum,https://coin-images.coingecko.com/coins/images/684/large/Qtum_Logo_blue_CG.png?1696501874,0.908558,96555961,289.0,98119938.0,3048085.0,0.930425,0.873435,0.02557211,2.8961,2868460.0,3.06173,106103776.5,107822406.0,1000000000.0,100.22,-99.09347,2018-01-05T16:00:00.000Z,0.627909,44.6957,2026-08-12T04:00:30.000Z,"{'times': 2.030398583606912, 'currency': 'usd', 'percentage': 203.0398583606912}",2026-09-09T11:40:20.000Z,2018-01-05 16:00:00+00:00,2026-08-12 04:00:30+00:00
apollo-diversified-credit-securitize-fund,acred,Apollo Diversified Credit Securitize Fund,https://coin-images.coingecko.com/coins/images/54809/large/ACRED.png?1741801356,1113.66,95745801,290.0,95745801.0,0.0,1116.6,1108.22,2.34,0.21015,200788.0,0.21015,85973.919554,85973.91955400001,1000000000.0,1123.32,-0.85985,2026-08-25T02:20:00.000Z,1004.33,10.88547,2025-04-09T06:50:03.000Z,0,2026-09-09T11:40:20.000Z,2026-08-25 02:20:00+00:00,2025-04-09 06:50:03+00:00
usda-2,usda,USDa,https://coin-images.coingecko.com/coins/images/51599/large/SUSDA.png?1731604761,0.967102,94542304,260.0,94542304.0,10.67,0.0,0.0,3.8144999999999995e-05,0.011965,52452.0,0.030195,97758337.66345324,97749091.21010824,1000000000.0,1.021,-5.32297,2025-01-13T07:25:59.000Z,0.359131,169.28951,2026-08-10T09:30:10.000Z,0,2026-08-14T08:19:10.000Z,2025-01-13 07:25:59+00:00,2026-08-10 09:30:10+00:00
pearl-2,prl,Pearl,https://coin-images.coingecko.com/coins/images/102173580/large/pearl.png?1780324634,0.36999,94355370,291.0,776904737.0,547218.0,0.38859,0.359183,0.01038155,2.8869,2638627.0,2.87693,255045783.0,2100000000.0,2100000000.0,0.739151,-49.94386,2026-06-24T12:29:00.000Z,0.139936,164.40004,2026-07-23T01:44:40.000Z,0,2026-09-09T11:40:20.000Z,2026-06-24 12:29:00+00:00,2026-07-23 01:44:40+00:00
bedrock-token,br,Bedrock,https://coin-images.coingecko.com/coins/images/54908/large/BR_200px.png?1742453499,0.321567,94140309,292.0,321663927.0,3569381.0,0.31698,0.253887,0.06709,26.364,19917987.0,26.83557,292666666.0,1000000000.0,1000000000.0,0.349123,-7.893,2026-09-03T14:52:00.000Z,0.03920767,720.16273,2025-04-18T12:21:08.000Z,0,2026-09-09T11:40:20.000Z,2026-09-03 14:52:00+00:00,2025-04-18 12:21:08+00:00
nest-blackopal-liquidstone-ii-vault,nopal,Nest BlackOpal LiquidStone II Vault,https://coin-images.coingecko.com/coins/images/70787/large/BlackOpal_Vault.png?1763752532,1.094,94130962,293.0,94140781.0,0.0,1.094,1.094,0.000545,0.04982,4054839.0,4.50157,86006762.880243,86015734.880243,1000000000.0,1.25,-12.13442,2026-06-16T02:07:00.000Z,0.958277,14.21121,2026-06-15T19:19:20.000Z,0,2026-09-09T11:40:20.000Z,2026-06-16 02:07:00+00:00,2026-06-15 19:19:20+00:00
gala,gala,GALA,https://coin-images.coingecko.com/coins/images/12493/large/GALA_token_image_-_200PNG.png?1709725869,0.00187934,93816734,294.0,93816734.0,29941611.0,0.00194407,0.00184967,-2.2552805856464e-05,-1.18581,-1012377.7509588748,-1.06758,49921514481.60385,49921514516.60385,50000000000.0,0.824837,-99.77216,2021-11-25T17:03:48.000Z,0.00013475,1294.69577,2020-12-28T00:46:48.000Z,0,2026-09-09T11:40:20.000Z,2021-11-25 17:03:48+00:00,2020-12-28 00:46:48+00:00
bitget-wrapped-btc,bgbtc,Bitget Wrapped BTC,https://coin-images.coingecko.com/coins/images/102172988/large/20260423-114744.png?1777014158,79033.0,93574481,295.0,93574481.0,40657.0,79554.0,77963.0,607.16,0.77419,718881.0,0.77419,1184.0,1184.0,1000000000.0,82700.0,-4.43474,2026-05-06T11:25:00.000Z,58296.0,35.57096,2026-06-30T18:57:10.000Z,0,2026-09-09T11:40:20.000Z,2026-05-06 11:25:00+00:00,2026-06-30 18:57:10+00:00
newton-project,ab,AB,https://coin-images.coingecko.com/coins/images/4376/large/400%E6%96%B9.png?1740377493,0.00094378,93276994,296.0,93276994.0,451378.0,0.00094625,0.0009384,3.94e-06,0.4194,398342.0,0.42888,98823661261.46,98823661261.46,100000000000.0,0.01727373,-94.5363,2025-03-22T00:04:44.000Z,3.8e-06,24704.91451,2022-10-10T18:32:18.000Z,"{'times': -0.6064531843313932, 'currency': 'usd', 'percentage': -60.645318433139316}",2026-09-09T11:40:20.000Z,2025-03-22 00:04:44+00:00,2022-10-10 18:32:18+00:00
unitas,up,Unitas,https://coin-images.coingecko.com/coins/images/71531/large/Logo_Mark_200.png?1772722048,0.430511,93000770,297.0,430559300.0,22472147.0,0.43027,0.404447,0.00111059,0.25864,250357.0,0.26993,215999885.54150105,999999885.541501,1000000000.0,0.522624,-17.62505,2026-08-31T23:29:20.000Z,0.067618,536.67633,2026-03-14T04:06:10.000Z,0,2026-09-09T11:40:20.000Z,2026-08-31 23:29:20+00:00,2026-03-14 04:06:10+00:00
zano,zano,Zano,https://coin-images.coingecko.com/coins/images/8370/large/Icon-App-512x512.png?1761825305,6.0,92686538,298.0,92691724.0,1457657.0,6.05,5.66,0.03165601,0.4811,497360.0,0.5395,15449073.93,15449958.29,1000000000.0,17.81,-66.31297,2025-01-07T06:41:15.000Z,0.146452,3996.6336,2019-12-16T11:21:13.000Z,0,2026-09-09T11:41:10.000Z,2025-01-07 06:41:15+00:00,2019-12-16 11:21:13+00:00
diem,diem,Diem,https://coin-images.coingecko.com/coins/images/68436/large/DIEM_SeaMid_-_200px.png?1755734213,2412.95,92436165,299.0,92407106.0,5226526.0,2565.77,1717.0,694.78,41.5322,28891957.0,45.46749,38029.02405105891,38017.06872779701,1000000000.0,2565.77,-5.95614,2026-09-09T07:44:00.000Z,80.54,2895.99407,2025-11-21T09:22:57.000Z,0,2026-09-09T11:41:10.000Z,2026-09-09 07:44:00+00:00,2025-11-21 09:22:57+00:00
reserve-rights-token,rsr,Reserve Rights,https://coin-images.coingecko.com/coins/images/8365/large/RSR_Blue_Circle_1000.png?1721777856,0.00146573,91680204,300.0,146563633.0,14936488.0,0.00148548,0.001413,-6.432634228971e-06,-0.37126,-407992.22721116245,-0.44305,62553174091.0,100000000000.0,100000000000.0,0.117424,-98.75176,2021-04-16T09:45:02.000Z,0.0010462,40.09972,2026-07-01T08:51:20.000Z,"{'times': 0.33192408351851455, 'currency': 'usd', 'percentage': 33.192408351851455}",2026-09-09T11:41:10.000Z,2021-04-16 09:45:02+00:00,2026-07-01 08:51:20+00:00
velo,velo,Velo,https://coin-images.coingecko.com/coins/images/12538/large/Logo_200x_200.png?1696512350,0.00521144,91510973,301.0,125042455.0,2612009.0,0.00524921,0.00487906,0.00020325,4.05035,3547722.0,4.03319,17563876115.0,23999637580.36017,1000000000.0,2.29,-99.77206,2021-03-08T02:16:26.000Z,0.00103046,405.73725,2022-12-19T17:50:14.000Z,0,2026-09-09T11:41:10.000Z,2021-03-08 02:16:26+00:00,2022-12-19 17:50:14+00:00
baby-claw,babyclaw,Baby Claw,https://coin-images.coingecko.com/coins/images/102172057/large/2.jpg?1771331936,0.091376,91376294,0.0,91376294.0,5.43,0.0,0.0,3.8144999999999995e-05,0.011965,52452.0,0.030195,1000000000.0,1000000000.0,1000000000.0,0.00048369,18791.64389,2026-02-17T04:44:17.000Z,3.632e-05,251496.12852,2026-03-02T21:55:35.000Z,0,2026-03-20T21:06:00.000Z,2026-02-17 04:44:17+00:00,2026-03-02 21:55:35+00:00
0x,zrx,0x Protocol,https://coin-images.coingecko.com/coins/images/863/large/0x.png?1696501996,0.107477,91146785,302.0,107434175.0,27315599.0,0.110547,0.097985,0.00796846,7.97745,6723907.0,7.96456,848396562.906836,1000000000.0,1000000000.0,2.5,-95.69564,2018-01-12T16:00:00.000Z,0.073101,47.02614,2026-08-18T04:04:50.000Z,"{'times': 1.233771604228204, 'currency': 'usd', 'percentage': 123.37716042282041}",2026-09-09T11:41:10.000Z,2018-01-12 16:00:00+00:00,2026-08-18 04:04:50+00:00
debridge,dbr,deBridge,https://coin-images.coingecko.com/coins/images/38019/large/DBR_icon_Color.png?1724708885,0.01510177,89524488,303.0,151000834.0,784678.0,0.01539111,0.01499031,5.399e-05,0.35103,310107.0,0.3476,5928741329.0,10000000000.0,10000000000.0,0.05521,-72.64685,2024-12-21T16:26:03.000Z,0.01235762,22.2061,2026-04-19T22:24:00.000Z,0,2026-09-09T11:41:10.000Z,2024-12-21 16:26:03+00:00,2026-04-19 22:24:00+00:00
digibyte,dgb,DigiByte,https://coin-images.coingecko.com/coins/images/63/large/digibyte.png?1696501454,0.00482652,89123533,304.0,89135837.0,2133632.0,0.00488531,0.00474373,-3.97016782823e-07,0.00073,9909.65,0.01112,18461824010.420696,18464417656.26332,21000000000.0,0.178084,-97.28976,2021-04-30T16:19:01.000Z,3.099e-05,15476.12912,2015-01-13T16:00:00.000Z,0,2026-09-09T11:41:10.000Z,2021-04-30 16:19:01+00:00,2015-01-13 16:00:00+00:00
mag7-ssi,mag7.ssi,MAG7.ssi,https://coin-images.coingecko.com/coins/images/52962/large/mag7.png?1734863745,0.528901,88831878,305.0,88831878.0,537821.0,0.534094,0.520214,0.00382406,0.73945,651651.0,0.739,167937671.7776,167937671.7776,1000000000.0,1.35,-60.67942,2024-12-27T04:21:57.000Z,0.376104,40.62639,2026-06-25T14:05:50.000Z,0,2026-09-09T11:41:10.000Z,2024-12-27 04:21:57+00:00,2026-06-25 14:05:50+00:00
ordinals,ordi,ORDI,https://coin-images.coingecko.com/coins/images/30162/large/ordi.png?1696529082,4.22,88561791,306.0,88561791.0,17068098.0,4.51,4.2,-0.20946084687872002,-4.72478,-4397218.322741702,-4.73028,21000000.0,21000000.0,1000000000.0,95.52,-95.58516,2024-03-04T17:45:22.000Z,2.1,100.40762,2026-03-29T22:48:00.000Z,0,2026-09-09T11:41:10.000Z,2024-03-04 17:45:22+00:00,2026-03-29 22:48:00+00:00
aioz-network,aioz,AIOZ Network,https://coin-images.coingecko.com/coins/images/14631/large/aioz-logo-200.png?1696514309,0.069384,88539143,307.0,88563874.0,19293578.0,0.080719,0.062971,0.00517134,7.96962,6556202.0,7.99703,1276745390.1209807,1277109787.292282,1000000000.0,2.65,-97.38263,2021-04-03T03:55:34.000Z,0.01099588,530.99791,2023-09-13T11:20:42.000Z,0,2026-09-09T11:41:10.000Z,2021-04-03 03:55:34+00:00,2023-09-13 11:20:42+00:00
goldfish-gold,ggbr,Goldfish Gold,https://coin-images.coingecko.com/coins/images/102172212/large/goldfish_logo_200x200.png?1772212434,4.39,88367500,308.0,109632542.0,106017.0,4.4,4.33,-0.006886487921828,-0.15885,-140996.94174286723,-0.1593,20150837.196788374,25000000.0,1000000000.0,5.39,-18.65771,2026-03-02T06:11:24.000Z,1.85,137.52642,2026-09-01T07:44:20.000Z,0,2026-09-09T11:41:10.000Z,2026-03-02 06:11:24+00:00,2026-09-01 07:44:20+00:00
dai-on-pulsechain,dai,DAI on PulseChain,https://coin-images.coingecko.com/coins/images/36735/large/pDAI_200x200.png?1712451453,0.00198944,88261852,309.0,88261852.0,263890.0,0.00219266,0.00194598,-4.0477286095922e-05,-2.03155,-1789520.067102313,-1.98722,44362128906.35518,44362128906.35518,1000000000.0,0.03373531,-94.10281,2024-11-28T23:29:41.000Z,1.02312e-13,1944478771242.213,2024-06-11T13:34:57.000Z,0,2026-09-09T11:41:10.000Z,2024-11-28 23:29:41+00:00,2024-06-11 13:34:57+00:00
gmx,gmx,GMX,https://coin-images.coingecko.com/coins/images/18323/large/arbit.png?1696517814,8.42,88065815,310.0,88065815.0,2402784.0,8.48,8.21,0.10968,1.31113,1123598.0,1.29235,10456968.02447692,10456968.02447692,13250000.0,91.07,-90.74872,2023-04-18T02:00:25.000Z,4.81,75.21506,2026-07-01T06:49:50.000Z,0,2026-09-09T11:41:10.000Z,2023-04-18 02:00:25+00:00,2026-07-01 06:49:50+00:00
plume,plume,Plume,https://coin-images.coingecko.com/coins/images/53623/large/PLUME_%281%29.png?1786085730,0.01374512,87875500,311.0,137433753.0,8705862.0,0.01434242,0.01343723,6.331e-05,0.44487,393664.0,0.45,6394026052.0,10000000000.0,10000000000.0,0.247537,-94.44724,2025-03-19T14:25:55.000Z,0.00854877,60.78471,2026-02-28T02:16:31.000Z,0,2026-09-09T11:41:10.000Z,2025-03-19 14:25:55+00:00,2026-02-28 02:16:31+00:00
orca,orca,Orca,https://coin-images.coingecko.com/coins/images/17547/large/Orca_Logo.png?1696517083,1.44,87576132,312.0,108031288.0,17810097.0,1.51,1.38,0.04593661,3.27542,2777447.0,3.27534,60798772.18674101,74999540.52388,100000000.0,20.33,-92.91428,2021-10-02T12:14:11.000Z,0.351125,310.30428,2022-06-19T11:34:08.000Z,0,2026-09-09T11:41:10.000Z,2021-10-02 12:14:11+00:00,2022-06-19 11:34:08+00:00
a-meme-coin,amc,A Meme Coin,https://coin-images.coingecko.com/coins/images/102176700/large/amc.jpg?1788511294,0.086799,86858830,313.0,86858830.0,27920210.0,0.113567,0.078798,-0.014536120115592618,-14.23636,-14476515.88524045,-14.28575,1000000000.0,1000000000.0,1000000000.0,0.150932,-42.49127,2026-09-04T07:10:00.000Z,8.571e-05,101167.43432,2026-09-04T00:18:00.000Z,0,2026-09-09T11:41:10.000Z,2026-09-04 07:10:00+00:00,2026-09-04 00:18:00+00:00
targon,sn4,Targon,https://coin-images.coingecko.com/coins/images/66342/large/sn4.png?1749239249,15.42,86615325,314.0,86615325.0,833603.0,15.55,13.68,0.661845,4.48146,3835308.0,4.63313,5616042.777818278,5616042.777818278,21000000.0,39.23,-60.68989,2025-06-10T04:01:00.000Z,0.107935,14189.32947,2026-04-15T12:28:00.000Z,0,2026-09-09T11:41:10.000Z,2025-06-10 04:01:00+00:00,2026-04-15 12:28:00+00:00
yzy,yzy,YZY,https://coin-images.coingecko.com/coins/images/68439/large/yzy.png?1755756963,0.288191,86156436,315.0,288183524.0,705.2,0.294099,0.288145,5.488e-05,0.01695,14234.73,0.01652,298963599.32821,999999392.804456,1000000000.0,2.95,-90.22422,2025-08-20T18:38:44.000Z,0.188434,52.93986,2025-10-10T13:36:03.000Z,0,2026-09-09T11:41:10.000Z,2025-08-20 18:38:44+00:00,2025-10-10 13:36:03+00:00
pleasing-gold,pgold,Pleasing Gold,https://coin-images.coingecko.com/coins/images/70395/large/%E9%BB%84%E9%87%91.png?1761795141,4400.99,85841441,316.0,85841441.0,6.43,4445.58,4370.35,3.8144999999999995e-05,0.011965,52452.0,0.030195,19505.05044,19505.05044,1000000000.0,5507.64,-20.09302,2026-01-29T00:57:20.000Z,23.41,18700.35001,2026-04-23T14:05:00.000Z,0,2026-09-09T08:30:40.000Z,2026-01-29 00:57:20+00:00,2026-04-23 14:05:00+00:00
cap-usd,cusd,Cap USD,https://coin-images.coingecko.com/coins/images/68272/large/cUSD_ab_500%C3%97500.png?1755232868,0.999876,84849552,316.0,84849552.0,0.0,0.999876,0.999853,2.256e-05,0.00226,-110856.81376601756,-0.13048,84860098.55159768,84860098.55159768,1000000000.0,1.17,-14.56181,2025-10-10T13:42:31.000Z,0.515274,94.04738,2026-06-10T23:59:30.000Z,0,2026-09-09T11:41:10.000Z,2025-10-10 13:42:31+00:00,2026-06-10 23:59:30+00:00
nexus-4,nex,Nexus,https://coin-images.coingecko.com/coins/images/102173233/large/nexus.jpg?1778490588,1.41e-06,84809016,317.0,141348359.0,322194.0,1.44e-06,1.41e-06,-2.402380227e-09,-0.1716,-135028.67784897983,-0.15896,60000000000000.0,100000000000000.0,100000000000000.0,6.95e-06,-79.67072,2026-05-21T08:49:00.000Z,1.41e-06,0.28626,2026-09-09T11:06:20.000Z,0,2026-09-09T11:41:10.000Z,2026-05-21 08:49:00+00:00,2026-09-09 11:06:20+00:00
o1-exchange,o,o1.exchange,https://coin-images.coingecko.com/coins/images/102173974/large/o1.png?1781654491,0.531143,84767970,318.0,529799811.0,3405369.0,0.5622,0.523529,-0.01450019951567405,-2.71906,-2534862.634427801,-2.90353,160000000.0,1000000000.0,1000000000.0,0.941511,-43.58617,2026-06-20T10:44:00.000Z,0.334755,58.66582,2026-06-17T15:39:40.000Z,0,2026-09-09T11:41:10.000Z,2026-06-20 10:44:00+00:00,2026-06-17 15:39:40+00:00
gas,gas,Gas,https://coin-images.coingecko.com/coins/images/858/large/GAS_512_512.png?1696501992,1.28,83335504,319.0,83335504.0,799924.0,1.29,1.25,0.00841821,0.75069,591373.0,0.7147,65093580.54427269,65093580.54427269,1000000000.0,91.94,-98.60825,2018-01-14T16:00:00.000Z,0.621309,105.94835,2020-03-12T18:24:16.000Z,0,2026-09-09T11:41:10.000Z,2018-01-14 16:00:00+00:00,2020-03-12 18:24:16+00:00
wrappedm-by-m0,wm,WrappedM by M0,https://coin-images.coingecko.com/coins/images/55070/large/wm.jpg?1743589588,0.999752,82869033,320.0,82869033.0,832238.0,1.0,0.999584,0.00012804,0.01074,-776734.3062022626,-0.9286,82891713.851819,82891712.851819,1000000000.0,15.4,-93.50672,2025-09-04T08:49:45.000Z,0.969044,3.16888,2025-09-20T04:44:48.000Z,0,2026-09-09T11:41:10.000Z,2025-09-04 08:49:45+00:00,2025-09-20 04:44:48+00:00
yearn-finance,yfi,yearn.finance,https://coin-images.coingecko.com/coins/images/11849/large/yearn.jpg?1696511720,2264.38,81690797,321.0,83026920.0,15350521.0,2294.21,2220.87,9.92,0.4063,358904.0,0.44128,36075.94701468851,36666.0,36666.0,90787.0,-97.50583,2021-05-11T16:29:37.000Z,31.65,7055.53203,2020-07-18T04:26:27.000Z,0,2026-09-09T11:41:10.000Z,2021-05-11 16:29:37+00:00,2020-07-18 04:26:27+00:00
beam-2,beam,Beam,https://coin-images.coingecko.com/coins/images/32417/large/cgicon.png?1747892021,0.00158732,81402337,322.0,92779581.0,4476338.0,0.00160405,0.00153031,5.5e-06,-0.0161,254449.0,0.31356,51300184687.0,58470184687.0,58470184687.0,0.04416304,-96.40577,2024-03-10T02:40:22.000Z,0.00121358,30.79657,2026-06-25T13:59:50.000Z,0,2026-09-09T11:41:10.000Z,2024-03-10 02:40:22+00:00,2026-06-25 13:59:50+00:00
banana-for-scale-2,bananas31,Banana For Scale,https://coin-images.coingecko.com/coins/images/52230/large/Banana_token_image.png?1732801941,0.00812173,81208724,323.0,81208724.0,3176420.0,0.00828665,0.00808998,-0.00010548818940731,-1.29949,-1063444.5577554554,-1.29259,10000000000.0,10000000000.0,10000000000.0,0.057741,-85.9341,2025-07-10T17:35:56.000Z,0.00072336,1022.78159,2025-02-02T21:11:44.000Z,0,2026-09-09T11:41:10.000Z,2025-07-10 17:35:56+00:00,2025-02-02 21:11:44+00:00
usda-3,usda,USDA,https://coin-images.coingecko.com/coins/images/68094/large/IMG_0632.jpeg?1754724345,0.932148,81068213,324.0,81068213.0,144408.0,0.941825,0.930751,-0.002902796122676077,-0.31337,-250623.24047221243,-0.3082,86967248.38104062,86967248.38104062,1000000000.0,1.19,-21.84916,2025-12-20T17:11:39.000Z,0.590562,57.84079,2025-10-09T07:07:59.000Z,0,2026-09-09T11:41:10.000Z,2025-12-20 17:11:39+00:00,2025-10-09 07:07:59+00:00
superfarm,super,SuperVerse,https://coin-images.coingecko.com/coins/images/14040/large/SV-Logo-200x200.png?1706880312,0.126455,80957599,325.0,126463733.0,3944505.0,0.12462,0.119687,0.00282933,2.33055,1816836.0,2.2957,640164549.0,1000000000.0,1000000000.0,4.74,-97.33299,2021-03-30T23:38:55.000Z,0.070397,79.63172,2023-10-18T18:20:23.000Z,0,2026-09-09T11:41:10.000Z,2021-03-30 23:38:55+00:00,2023-10-18 18:20:23+00:00
bulla-3,bulla,BULLA,https://coin-images.coingecko.com/coins/images/66398/large/hasb.png?1749288195,0.080949,80912193,326.0,80912193.0,1192533.0,0.081539,0.075484,0.0006989,0.85361,661790.0,0.82466,1000000000.0,1000000000.0,1000000000.0,0.490702,-83.50336,2026-02-01T00:52:39.000Z,0.00403668,1905.34598,2026-06-06T05:10:00.000Z,0,2026-09-09T11:41:10.000Z,2026-02-01 00:52:39+00:00,2026-06-06 05:10:00+00:00
proton,xpr,XPR Network,https://coin-images.coingecko.com/coins/images/10941/large/XPR.jpg?1696510891,0.00281765,80778420,327.0,91313512.0,2418979.0,0.00289174,0.00280092,1e-06,0.67206,73988.0,0.09168,28652669445.0618,32389539911.0547,1000000000.0,0.100088,-97.18484,2020-04-27T00:45:16.000Z,0.00054716,414.95443,2023-10-19T02:05:22.000Z,0,2026-09-09T11:41:10.000Z,2020-04-27 00:45:16+00:00,2023-10-19 02:05:22+00:00
3jane-usd3,usd3,3Jane USD3,https://coin-images.coingecko.com/coins/images/102176550/large/20.png?1788098498,1.18,80523334,328.0,80522171.0,227514.0,1.19,1.18,-0.00340484900544058,-0.28992,-247018.47431577742,-0.30583,68038859.057748,68037328.796567,1000000000.0,1.2,-1.36719,2026-09-07T09:44:40.000Z,1.17,0.90673,2026-08-31T05:52:10.000Z,0,2026-09-09T11:41:10.000Z,2026-09-07 09:44:40+00:00,2026-08-31 05:52:10+00:00
f-x-protocol-fxusd,fxusd,f(x) Protocol fxUSD,https://coin-images.coingecko.com/coins/images/36202/large/fxUSD.jpg?1710833113,0.999724,80180834,329.0,80180834.0,1914460.0,1.0,0.99945,0.00021203,0.01819,566219.0,0.7112,80204953.41663016,80204953.41663016,1000000000.0,1.038,-3.69005,2026-02-05T16:40:29.000Z,0.953062,4.89607,2024-12-05T07:45:54.000Z,0,2026-09-09T11:41:10.000Z,2026-02-05 16:40:29+00:00,2024-12-05 07:45:54+00:00
bending-spoons-xstock,bspx,Bending Spoons xStock,https://coin-images.coingecko.com/coins/images/102174230/large/BSPx.png?1782604454,38.49,79864173,330.0,79864173.0,1669.56,39.43,38.48,-0.9364023156241004,-2.37566,-1943103.7560280114,-2.37522,2075073.634063958,2075073.634063958,1000000000.0,58.64,-34.37012,2026-08-11T16:39:50.000Z,28.12,36.88686,2026-07-02T19:56:30.000Z,0,2026-09-09T04:41:00.000Z,2026-08-11 16:39:50+00:00,2026-07-02 19:56:30+00:00
kaito,kaito,KAITO,https://coin-images.coingecko.com/coins/images/54411/large/Qm4DW488_400x400.jpg?1739552780,0.330679,79784304,330.0,330521856.0,21325438.0,0.344223,0.324381,-0.00738953314090246,-2.2599,-1821596.817876026,-2.23219,241388889.0,1000000000.0,1000000000.0,2.88,-88.53511,2025-02-27T00:58:05.000Z,0.275928,19.84225,2026-02-05T16:30:16.000Z,0,2026-09-09T11:41:10.000Z,2025-02-27 00:58:05+00:00,2026-02-05 16:30:16+00:00
tagger,tag,TAGGER,https://coin-images.coingecko.com/coins/images/53206/large/IMG_3196.png?1735664645,0.00072484,78847864,331.0,293606463.0,785576.0,0.00075827,0.00071999,-1.0987009720659e-05,-1.49918,-1257883.9344180375,-1.57028,108864805114.16998,405380800000.0,405380800000.0,0.00218685,-66.85462,2026-05-04T06:41:00.000Z,1.934e-05,3647.18906,2025-03-12T05:57:01.000Z,0,2026-09-09T11:41:10.000Z,2026-05-04 06:41:00+00:00,2025-03-12 05:57:01+00:00
cow-protocol,cow,CoW Protocol,https://coin-images.coingecko.com/coins/images/24384/large/CoW-token_logo.png?1719524382,0.13663,78514332,332.0,136668319.0,2586527.0,0.137958,0.131034,0.00243577,1.828,1421358.0,1.84369,574488169.0034184,1000000000.0,1000000000.0,2.22,-93.84345,2022-03-28T08:24:17.000Z,0.03987045,242.68476,2022-11-09T10:32:42.000Z,0,2026-09-09T11:41:10.000Z,2022-03-28 08:24:17+00:00,2022-11-09 10:32:42+00:00
circle-xstock,crclx,Circle xStock,https://coin-images.coingecko.com/coins/images/66918/large/CRCLx.png?1751052233,96.81,78357893,333.0,296774483.0,11708522.0,100.77,95.32,-2.960090072159602,-2.94764,-2280991.2411123216,-2.82865,809256.9749107416,3064998.444988346,1000000000.0,257.13,-62.35,2025-07-18T06:16:12.000Z,48.02,101.61019,2026-02-05T16:15:30.000Z,0,2026-09-09T11:41:10.000Z,2025-07-18 06:16:12+00:00,2026-02-05 16:15:30+00:00
adi-token,adi,ADI,https://coin-images.coingecko.com/coins/images/68846/large/ADI_Token-min.png?1765296433,8.3,78323904,334.0,8301850694.0,5927611.0,8.3,8.02,0.29175,3.60361,3179534.0,4.23123,9434511.21887064,999999999.0,999999999.0,8.72,-4.77762,2026-06-29T15:14:40.000Z,0.975425,751.24906,2025-12-10T01:46:25.000Z,0,2026-09-09T11:41:10.000Z,2026-06-29 15:14:40+00:00,2025-12-10 01:46:25+00:00
nockchain,nock,Nockchain,https://coin-images.coingecko.com/coins/images/68474/large/GrCcG9N9_400x400.jpg?1755845184,0.03366545,78018894,335.0,145093790.0,3042156.0,0.03960955,0.03201021,0.00174776,5.81471,4346389.0,5.89961,2309462016.0,4294967296.0,4294967296.0,0.21022,-83.98559,2025-10-17T07:40:33.000Z,0.00442438,660.90697,2026-04-15T02:33:00.000Z,0,2026-09-09T11:41:10.000Z,2025-10-17 07:40:33+00:00,2026-04-15 02:33:00+00:00
safe,safe,Safe,https://coin-images.coingecko.com/coins/images/27032/large/Artboard_1_copy_8circle-1.png?1696526084,0.100505,77916938,336.0,100498136.0,2193433.0,0.110487,0.099025,-0.009901739936117204,-9.03579,-7681957.543748394,-8.97437,775307296.0,1000000000.0,1000000000.0,3.56,-97.17555,2024-04-22T23:10:17.000Z,0.075294,33.48242,2026-06-24T17:48:30.000Z,0,2026-09-09T11:41:10.000Z,2024-04-22 23:10:17+00:00,2026-06-24 17:48:30+00:00
rif-token,rif,Rootstock Infrastructure Framework,https://coin-images.coingecko.com/coins/images/7460/large/8befc44a46c247e8a3f7fc8abba586b1_%283%29.png?1705501867,0.077685,77689867,337.0,77689867.0,7646443.0,0.078794,0.075422,0.00134207,1.75514,1346811.0,1.76416,1000000000.0,1000000000.0,1000000000.0,0.455938,-82.96147,2021-04-12T13:44:18.000Z,0.0091475,749.24978,2019-06-11T16:00:00.000Z,0,2026-09-09T11:41:10.000Z,2021-04-12 13:44:18+00:00,2019-06-11 16:00:00+00:00
exod,exod,EXOD,https://coin-images.coingecko.com/coins/images/102171773/large/exodus.png?1769612116,7.44,77675833,338.0,77675833.0,0.0,7.44,7.33,0.109894,1.50005,1147955.0,1.50005,10446000.0,10446000.0,10446000.0,13.09,-43.19373,2026-02-03T01:55:04.000Z,4.93,50.83718,2026-08-14T11:00:00.000Z,0,2026-09-09T11:41:10.000Z,2026-02-03 01:55:04+00:00,2026-08-14 11:00:00+00:00
na-post-settlement-legal-financing-receivables,pc0000101,Tradable NA Post-Settlement Legal Financing Receivables,https://coin-images.coingecko.com/coins/images/66791/large/tradable.jpg?1750576168,1.0,76722081,339.0,76722081.0,0.0,1.0,1.0,-1.11e-16,0.0,-1.4901161194e-08,0.0,76722080.574195,76722080.574195,100000000.0,1.0,0.0,2025-07-03T02:05:03.000Z,1.0,0.0,2026-07-23T07:25:00.000Z,0,2026-09-09T11:41:10.000Z,2025-07-03 02:05:03+00:00,2026-07-23 07:25:00+00:00
cygnus-finance-global-usd,cgusd,Cygnus Finance Global USD,https://coin-images.coingecko.com/coins/images/35628/large/cgUSD.png?1709291316,0.994322,75768062,340.0,75768062.0,4.71,0.994543,0.994175,0.00010056,0.00805,5752.28,0.00759,76202640.798102,76202640.798102,1000000000.0,1.089,-8.66278,2025-06-06T08:02:30.000Z,0.724325,37.27566,2025-09-29T08:58:56.000Z,0,2026-09-09T11:41:10.000Z,2025-06-06 08:02:30+00:00,2025-09-29 08:58:56+00:00
tradable-north-america-pos-lender-sstn,pc0000019,Tradable North America PoS Lender SSTN,https://coin-images.coingecko.com/coins/images/66800/large/tradable.jpg?1750576495,1.0,75568634,341.0,75568634.0,0.0,1.0,1.0,-1.11e-16,0.0,-1.4901161194e-08,0.0,75568634.0,75568634.0,150000000.0,1.0,0.0,2025-07-03T02:25:08.000Z,1.0,0.0,2026-07-23T07:25:00.000Z,0,2026-09-09T11:41:10.000Z,2025-07-03 02:25:08+00:00,2026-07-23 07:25:00+00:00
arkham,arkm,Arkham,https://coin-images.coingecko.com/coins/images/30929/large/Arkham_Logo_CG.png?1696529771,0.108149,75169706,342.0,108147803.0,7367401.0,0.111927,0.106571,-0.002170044049458919,-1.96547,-1509010.6081812233,-1.96797,695064568.0,1000000000.0,1000000000.0,3.98,-97.28001,2024-03-09T16:04:54.000Z,0.085376,26.67417,2026-08-18T22:56:00.000Z,0,2026-09-09T11:41:10.000Z,2024-03-09 16:04:54+00:00,2026-08-18 22:56:00+00:00
helio-protocol-hay,lisusd,Lista USD,https://coin-images.coingecko.com/coins/images/26947/large/Coingecko_profile_lisUSD_200x200_%281%29.png?1707363097,0.997586,75008598,343.0,75008598.0,57505.0,0.998585,0.997551,-0.000509387861518329,-0.0529,-36369.18777921796,-0.04846,75190664.11081198,75190664.11081198,1000000000.0,2.0,-50.15394,2022-08-25T04:10:21.000Z,0.208609,378.20916,2022-12-01T18:43:06.000Z,0,2026-09-09T11:41:10.000Z,2022-08-25 04:10:21+00:00,2022-12-01 18:43:06+00:00
tradable-na-neobank-sstl,pc0000023,Tradable NA Neobank SSTL,https://coin-images.coingecko.com/coins/images/66797/large/tradable.jpg?1750576441,1.0,75000000,344.0,75000000.0,0.0,1.0,1.0,-1.11e-16,0.0,-1.4901161194e-08,0.0,75000000.0,75000000.0,150000000.0,1.0,0.0,2025-07-03T02:25:03.000Z,1.0,0.0,2026-07-23T07:25:00.000Z,0,2026-09-09T11:41:10.000Z,2025-07-03 02:25:03+00:00,2026-07-23 07:25:00+00:00
kusama,ksm,Kusama,https://coin-images.coingecko.com/coins/images/9568/large/m4zRhP5e_400x400.jpg?1696509648,3.99,74952242,346.0,74952242.0,21472428.0,4.28,3.83,0.02601432,0.66085,520671.0,0.69953,18802603.46018189,18802605.52530381,1000000000.0,621.71,-99.35889,2021-05-17T21:04:41.000Z,0.876572,354.70134,2020-01-14T11:20:20.000Z,0,2026-09-09T11:41:10.000Z,2021-05-17 21:04:41+00:00,2020-01-14 11:20:20+00:00
felix-feusd,feusd,Felix feUSD,https://coin-images.coingecko.com/coins/images/55068/large/feusd.jpg?1743581333,0.999055,74931914,345.0,8890367136.0,95855.0,0.998989,0.993204,0.00584458,0.62205,437077.0,0.58672,75004069.0,8898928700.52713,1000000000.0,1.067,-6.37226,2025-04-02T07:35:18.000Z,0.705908,41.52762,2025-10-10T13:28:16.000Z,0,2026-09-09T11:41:10.000Z,2025-04-02 07:35:18+00:00,2025-10-10 13:28:16+00:00
fx-usd-saving,fxsave,f(x) USD Saving,https://coin-images.coingecko.com/coins/images/67384/large/fxsave.jpg?1752628124,1.12,74415308,347.0,74415308.0,5408.98,1.12,1.11,0.00110055,0.09665,1484081.0,2.0349,66688038.17970483,66688038.17970483,1000000000.0,4.68,-76.15639,2026-02-20T23:21:10.000Z,0.985404,13.2429,2026-06-21T22:15:20.000Z,0,2026-09-09T11:41:10.000Z,2026-02-20 23:21:10+00:00,2026-06-21 22:15:20+00:00
midas-mtbill,mtbill,Midas mTBILL,https://coin-images.coingecko.com/coins/images/37839/large/mTBILL_token.png?1728417279,1.071,74172876,348.0,74172876.0,0.0,1.071,1.071,9.332e-05,0.00871,6266.56,0.00845,69240581.74687147,69316866.58183216,1000000000.0,1.18,-9.35174,2026-07-15T18:06:50.000Z,0.808522,32.49292,2026-04-20T22:34:00.000Z,0,2026-09-09T11:41:10.000Z,2026-07-15 18:06:50+00:00,2026-04-20 22:34:00+00:00
usdsui,usdsui,USDsui,https://coin-images.coingecko.com/coins/images/70675/large/usdsui.png?1772769756,1.001,74154153,349.0,74154153.0,3270457.0,1.002,0.994823,0.00025953,0.06252,15034.05,0.02028,74111161.57,74111161.57,1000000000.0,1.021,-1.96729,2026-04-20T14:19:00.000Z,0.966852,3.49426,2026-08-22T05:11:30.000Z,0,2026-09-09T11:41:10.000Z,2026-04-20 14:19:00+00:00,2026-08-22 05:11:30+00:00
the-black-bull,ansem,The Black Bull,https://coin-images.coingecko.com/coins/images/102174035/large/IMG_9497.jpeg?1782005339,0.177739,73687961,350.0,177184065.0,13730441.0,0.194478,0.165206,0.0002312,-0.06455,59088.0,0.08025,414789461.09609497,997368927.634661,1000000000.0,0.443616,-59.93397,2026-07-06T22:05:30.000Z,0.00014442,122971.65315,2026-06-25T10:22:50.000Z,0,2026-09-09T11:41:10.000Z,2026-07-06 22:05:30+00:00,2026-06-25 10:22:50+00:00
crown-brlv,brlv,Crown BRLV,https://coin-images.coingecko.com/coins/images/102172108/large/BRLV.png?1775604601,0.196568,73509245,356.0,73509245.0,4503.47,0.196834,0.195072,3.8144999999999995e-05,0.011965,52452.0,0.030195,373963509.9528299,373963509.9528299,1000000000.0,0.204863,-4.04916,2026-05-09T05:05:00.000Z,0.187398,4.89316,2026-03-14T04:01:06.000Z,0,2026-09-09T02:30:00.000Z,2026-05-09 05:05:00+00:00,2026-03-14 04:01:06+00:00
peaq-2,peaq,peaq,https://coin-images.coingecko.com/coins/images/51415/large/peaq-token-brand-icon_%281%29.png?1731122664,0.0291004,73406768,351.0,129691380.0,11141746.0,0.03357471,0.02820361,0.00057854,2.39255,1853138.0,2.58986,2514449772.773935,4442405861.601709,5667620228.64,0.750473,-96.12239,2024-12-10T00:55:30.000Z,0.01224257,137.69857,2026-03-14T08:10:36.000Z,0,2026-09-09T11:41:10.000Z,2024-12-10 00:55:30+00:00,2026-03-14 08:10:36+00:00
ai-rig-complex,arc,AI Rig Complex,https://coin-images.coingecko.com/coins/images/52701/large/u312bPNA_400x400.jpg?1734044765,0.073169,73233780,352.0,73233780.0,3470036.0,0.075843,0.072107,-0.002435052039756594,-3.08048,-2369031.192529753,-3.13352,999982714.298822,999982714.298822,1000000000.0,0.623197,-88.25909,2025-01-21T19:35:28.000Z,0.00987155,641.21183,2025-10-10T13:33:06.000Z,0,2026-09-09T11:41:10.000Z,2025-01-21 19:35:28+00:00,2025-10-10 13:33:06+00:00
livepeer,lpt,Livepeer,https://coin-images.coingecko.com/coins/images/7137/large/badge-logo-circuit-green.png?1719357686,1.47,73177915,353.0,73177915.0,17382870.0,1.53,1.47,-0.0321508452215129,-2.2763,-1707637.9015919417,-2.28033,49688954.55,49688954.55,1000000000.0,99.03,-98.51058,2021-11-09T08:58:44.000Z,0.354051,316.58888,2019-10-26T14:59:09.000Z,0,2026-09-09T11:41:10.000Z,2021-11-09 08:58:44+00:00,2019-10-26 14:59:09+00:00
baby-doge-coin,babydoge,Baby Doge Coin,https://coin-images.coingecko.com/coins/images/16125/large/babydoge.jpg?1696515731,3.98272e-10,73094627,354.0,166976356.0,3153995.0,4.07756e-10,3.94023e-10,-3.405014e-12,-0.93165,-756440.7206348479,-1.02428,1.838568286350175e+17,4.2e+17,4.2e+17,6.498e-09,-93.87062,2024-12-09T23:26:04.000Z,9.4771e-11,320.24825,2021-06-08T18:48:21.000Z,0,2026-09-09T11:41:10.000Z,2024-12-09 23:26:04+00:00,2021-06-08 18:48:21+00:00
stronghold-token,shx,Stronghold,https://coin-images.coingecko.com/coins/images/7427/large/Blue_Mark_-_White_BG.png?1696507700,0.00392566,72288603,355.0,391240597.0,687628.0,0.00405753,0.00388304,4.574e-05,1.30773,781067.0,1.09229,18430178870.807934,99747870079.0,100000000000.0,0.055673,-92.94872,2021-05-16T20:52:12.000Z,1.30103e-07,3017249.98902,2021-04-07T04:27:56.000Z,0,2026-09-09T11:41:10.000Z,2021-05-16 20:52:12+00:00,2021-04-07 04:27:56+00:00
funfair,fun,FUNToken,https://coin-images.coingecko.com/coins/images/761/large/FUN.png?1696501914,0.00656878,72253037,356.0,72253037.0,994249.0,0.00669645,0.00638892,6.214e-05,0.95188,680814.0,0.95123,10999873621.0,10999873621.0,1000000000.0,0.191066,-96.56204,2018-01-07T16:00:00.000Z,0.00031003,2018.78812,2026-04-23T11:30:00.000Z,0,2026-09-09T11:41:10.000Z,2018-01-07 16:00:00+00:00,2026-04-23 11:30:00+00:00
tesla-xstock,tslax,Tesla xStock,https://coin-images.coingecko.com/coins/images/55638/large/Ticker_TSLA__Company_Name_Tesla_Inc.__size_200x200_2x.png?1746863299,364.49,72077670,357.0,195784822.0,7306138.0,369.28,354.73,9.33,2.67852,1477379.0,2.0926,197751.38641525558,537152.7694963347,1000000000.0,496.55,-26.59513,2025-12-22T06:58:38.000Z,292.26,24.71735,2025-07-07T06:00:30.000Z,0,2026-09-09T11:41:10.000Z,2025-12-22 06:58:38+00:00,2025-07-07 06:00:30+00:00
matrixdock-gold,xaum,Matrixdock Gold,https://coin-images.coingecko.com/coins/images/51962/large/xaum_200px_logo_1x.png?1733560735,4398.43,71840206,358.0,71840206.0,532576.0,4401.36,4327.09,3.65,0.09005,68236.0,0.09507,16331.178364863,16331.178364863,1000000000.0,5574.96,-21.10384,2026-01-29T05:21:03.000Z,2563.55,71.57611,2024-12-19T14:00:45.000Z,0,2026-09-09T11:41:10.000Z,2026-01-29 05:21:03+00:00,2024-12-19 14:00:45+00:00
microstrategy-xstock,mstrx,MicroStrategy xStock,https://coin-images.coingecko.com/coins/images/55631/large/Ticker_MSTR__Company_Name_MicroStrategy__size_200x200_2x.png?1746862528,139.19,71778189,359.0,189041351.0,2997110.0,141.65,135.81,0.875097,0.59978,1555473.0,2.21506,515567.5939814466,1357844.159585093,1000000000.0,462.34,-69.8951,2025-07-17T21:29:46.000Z,80.66,72.5622,2026-06-29T00:39:20.000Z,0,2026-09-09T11:41:10.000Z,2025-07-17 21:29:46+00:00,2026-06-29 00:39:20+00:00
purr-2,purr,Purr,https://coin-images.coingecko.com/coins/images/37125/large/PURR_CG.png?1713368828,0.120307,71566517,360.0,71566517.0,1614669.0,0.121642,0.110583,0.00887832,7.91629,5273938.0,7.95555,594929905.38772,594929905.38772,1000000000.0,0.690036,-82.56513,2024-12-16T14:15:23.000Z,0.04236339,183.98799,2025-12-18T12:07:22.000Z,0,2026-09-09T11:41:10.000Z,2024-12-16 14:15:23+00:00,2025-12-18 12:07:22+00:00
apes-2-2,apes,APES,https://coin-images.coingecko.com/coins/images/102172561/large/photo_2024-08-16_17.29.08.png?1773900252,0.079369,71436437,361.0,71436437.0,22.06,0.079393,0.078854,3.8144999999999995e-05,0.011965,52452.0,0.030195,900000000.0,900000000.0,900000000.0,0.080749,-1.70944,2026-04-03T08:01:00.000Z,0.05887,34.82112,2026-06-29T02:14:10.000Z,0,2026-09-09T11:41:10.000Z,2026-04-03 08:01:00+00:00,2026-06-29 02:14:10+00:00
cap-4,cap,Cap,https://coin-images.coingecko.com/coins/images/102174107/large/cap.jpg?1782391237,0.0455478,71088465,362.0,455695291.0,11839243.0,0.04723685,0.0449882,-0.001631756793170597,-3.32028,-2511636.1411160976,-3.41254,1560000000.0,10000000000.0,10000000000.0,0.078256,-41.79619,2026-08-14T14:32:50.000Z,0.01549444,193.96212,2026-07-12T06:06:30.000Z,0,2026-09-09T11:41:10.000Z,2026-08-14 14:32:50+00:00,2026-07-12 06:06:30+00:00
theta-fuel,tfuel,Theta Fuel,https://coin-images.coingecko.com/coins/images/8029/large/1_0YusgngOrriVg4ZYx4wOFQ.png?1696508251,0.00946357,70588843,363.0,70594531.0,678629.0,0.00958562,0.00940646,-3.0138121413743e-05,-0.90087,-224766.76420331,-0.31741,7460234565.0,7460878738.0,1000000000.0,0.68159,-98.61155,2021-06-08T22:50:55.000Z,0.00090804,942.19795,2020-03-12T18:30:37.000Z,0,2026-09-09T11:41:10.000Z,2021-06-08 22:50:55+00:00,2020-03-12 18:30:37+00:00
dola-usd,dola,DOLA,https://coin-images.coingecko.com/coins/images/14287/large/dola.png?1696513984,0.997064,70293285,364.0,103560967.0,375570.0,0.997909,0.996281,0.00021091,0.01968,269212.0,0.38446,70501767.79598045,103868118.240939,1000000000.0,1.87,-46.74106,2021-11-13T05:09:22.000Z,0.088407,1027.81663,2024-02-10T15:55:20.000Z,0,2026-09-09T11:41:10.000Z,2021-11-13 05:09:22+00:00,2024-02-10 15:55:20+00:00
swop-2,swop,Swop,https://coin-images.coingecko.com/coins/images/66773/large/Group_1000007182_copy.png?1750487480,0.00700477,70047640,368.0,70047640.0,2.41,0.007006,0.00700448,3.8144999999999995e-05,0.011965,52452.0,0.030195,9999998190.509241,9999998190.509241,10000000000.0,0.01391529,-49.66138,2025-08-30T12:02:22.000Z,0.0060491,15.79848,2026-04-12T15:56:00.000Z,0,2026-09-09T06:57:00.000Z,2025-08-30 12:02:22+00:00,2026-04-12 15:56:00+00:00
ishares-core-s-p-500-etf-ondo-tokenized-etf,ivvon,iShares Core S&P 500 ETF (Ondo Tokenized ETF),https://coin-images.coingecko.com/coins/images/68650/large/ivvon_160x160.png?1756156270,773.45,69752983,365.0,69752983.0,486570.0,783.0,772.86,-4.338783182183192,-0.55675,-389694.93719801307,-0.55557,90184.89437153433,90184.89437153433,1000000000.0,797.15,-2.97399,2026-08-06T14:08:10.000Z,638.07,21.21662,2026-03-30T19:31:00.000Z,0,2026-09-09T11:41:10.000Z,2026-08-06 14:08:10+00:00,2026-03-30 19:31:00+00:00
walrus-2,wal,Walrus,https://coin-images.coingecko.com/coins/images/54914/large/Walrus_Token_Full_Color_200x200.png?1772722407,0.02717781,69678821,366.0,135892385.0,4989518.0,0.02930031,0.02722202,-0.001757062498888275,-6.18743,-4502958.53677018,-6.07017,2563750000.0,5000000000.0,5000000000.0,0.759179,-96.4201,2025-05-14T00:10:39.000Z,0.02004864,35.55935,2026-08-14T15:06:00.000Z,0,2026-09-09T11:41:10.000Z,2025-05-14 00:10:39+00:00,2026-08-14 15:06:00+00:00
turbo,turbo,Turbo,https://coin-images.coingecko.com/coins/images/30117/large/TurboMark-QL_200.png?1708079597,0.00100811,69555642,367.0,69555642.0,6816013.0,0.00104091,0.00097792,7.15e-06,0.71177,489346.0,0.70852,69000000000.0,69000000000.0,69000000000.0,0.01431669,-92.95846,2024-12-11T13:52:05.000Z,6.518e-05,1446.68243,2023-09-26T13:46:54.000Z,0,2026-09-09T11:41:10.000Z,2024-12-11 13:52:05+00:00,2023-09-26 13:46:54+00:00
stau,stau,STAU,https://coin-images.coingecko.com/coins/images/52341/large/STAU.png?1742637079,0.00693941,69412393,368.0,69412393.0,372570.0,0.007108,0.00675647,3.8144999999999995e-05,0.011965,52452.0,0.030195,10000000000.0,10000000000.0,10000000000.0,0.279,-97.51275,2024-12-20T04:40:23.000Z,0.00448904,54.58561,2026-02-01T19:41:04.000Z,0,2026-09-09T11:41:10.000Z,2024-12-20 04:40:23+00:00,2026-02-01 19:41:04+00:00
story-2,data,Data Network,https://coin-images.coingecko.com/coins/images/54035/large/CMC_%281%29.png?1782401376,0.192235,68917017,369.0,198379079.0,1549109.0,0.198144,0.190977,0.00045842,0.22987,166466.0,0.24213,358540204.0,1032065866.0,1000000000.0,14.78,-98.69959,2025-09-21T13:07:34.000Z,0.170065,13.036,2026-08-18T14:08:00.000Z,0,2026-09-09T11:41:10.000Z,2025-09-21 13:07:34+00:00,2026-08-18 14:08:00+00:00
re,re,RE,https://coin-images.coingecko.com/coins/images/102173708/large/RE-Token.png?1781031591,0.429457,68502512,370.0,429213733.0,5873820.0,0.472848,0.433934,-0.03446482979203008,-7.42301,-5539459.082723364,-7.48151,159600000.0,1000000000.0,1000000000.0,1.079,-60.18407,2026-06-20T19:22:00.000Z,0.356989,20.29993,2026-07-20T14:22:20.000Z,0,2026-09-09T11:41:10.000Z,2026-06-20 19:22:00+00:00,2026-07-20 14:22:20+00:00
holotoken,hot,Holo,https://coin-images.coingecko.com/coins/images/3348/large/hot-mark-med.png?1747766692,0.00038515,68395930,371.0,68395930.0,1654162.0,0.0003878,0.00037898,2.52e-06,0.64216,433852.0,0.63837,177619433541.1413,177619433541.1413,1000000000.0,0.03126682,-98.76819,2021-04-05T08:04:52.000Z,0.0002202,74.90934,2020-03-12T18:23:01.000Z,"{'times': -0.3198629378775109, 'currency': 'eth', 'percentage': -31.98629378775109}",2026-09-09T11:41:10.000Z,2021-04-05 08:04:52+00:00,2020-03-12 18:23:01+00:00
ondo-u-s-dollar-token,usdon,Ondo U.S. Dollar Token,https://coin-images.coingecko.com/coins/images/68688/large/usdon_160x160.png?1756268513,1.0,68056389,372.0,68056389.0,0.0,1.0,1.0,-1.11e-16,0.0,-300583.93617628515,-0.43973,68056388.53152178,68056388.53152178,1000000000.0,1.091,-8.32354,2026-07-13T04:45:20.000Z,0.935065,6.94446,2026-05-23T21:54:00.000Z,0,2026-09-09T11:41:10.000Z,2026-07-13 04:45:20+00:00,2026-05-23 21:54:00+00:00
comedian,ban,Comedian,https://coin-images.coingecko.com/coins/images/51100/large/ban.jpg?1730085215,0.067912,67903459,373.0,67903459.0,4829069.0,0.069995,0.067447,-0.000415030037934888,-0.61718,-421154.90428586304,-0.6164,999961859.27,999961859.27,1000000000.0,0.37799,-82.03333,2024-11-18T01:35:57.000Z,0.00929085,630.95795,2024-10-28T20:34:36.000Z,0,2026-09-09T11:41:10.000Z,2024-11-18 01:35:57+00:00,2024-10-28 20:34:36+00:00
dexe,dexe,DeXe,https://coin-images.coingecko.com/coins/images/12713/large/DEXE_token_logo.png?1696512514,1.92,67876287,374.0,185764569.0,7041214.0,1.96,1.92,-0.02487294154005726,-1.25837,-876923.3955598027,-1.27547,35261696.60097028,96504599.33609451,1000000000.0,48.91,-96.06423,2026-07-13T00:47:00.000Z,0.671563,186.63383,2020-11-06T11:31:40.000Z,0,2026-09-09T11:41:10.000Z,2026-07-13 00:47:00+00:00,2020-11-06 11:31:40+00:00
goplus-security,gps,GoPlus Security,https://coin-images.coingecko.com/coins/images/53686/large/Separate_logo%EF%BC%88green%EF%BC%89.png?1737033911,0.01159801,67690545,375.0,115961859.0,9554580.0,0.01230247,0.01086162,0.00061731,5.62597,3592811.0,5.60521,5837311111.239091,10000000000.0,10000000000.0,0.2198,-94.72338,2025-01-30T23:39:51.000Z,0.00441135,162.91282,2025-12-18T11:58:16.000Z,0,2026-09-09T11:41:10.000Z,2025-01-30 23:39:51+00:00,2025-12-18 11:58:16+00:00
midas-fasanara-global,mglobal,Midas Fasanara Global,https://coin-images.coingecko.com/coins/images/102172980/large/mglobal-Cm4yjVTI.png?1776956923,1.017,67337941,376.0,67337941.0,0.0,1.017,1.017,0.0,0.0,0.0,0.0,66235380.78086266,66235380.78086266,1000000000.0,1.017,0.0,2026-08-20T18:30:10.000Z,1.006,1.08189,2026-07-23T04:25:10.000Z,0,2026-09-09T11:41:10.000Z,2026-08-20 18:30:10+00:00,2026-07-23 04:25:10+00:00
tori-trusd,trusd,Tori trUSD,https://coin-images.coingecko.com/coins/images/102174232/large/trUSD.png?1782647856,0.999672,67125054,377.0,67125054.0,1441788.0,0.999987,0.999568,-0.000212738715683058,-0.02377,683942.0,1.0294,67148745.5894608,67148745.5894608,1000000000.0,1.001,-0.13055,2026-07-28T22:52:00.000Z,0.998868,0.08048,2026-07-30T07:19:10.000Z,0,2026-09-09T11:41:10.000Z,2026-07-28 22:52:00+00:00,2026-07-30 07:19:10+00:00
sushi,sushi,Sushi,https://coin-images.coingecko.com/coins/images/12271/large/512x512_Logo_no_chop.png?1696512101,0.23398,67090964,378.0,68206779.0,26977148.0,0.244097,0.228445,-0.002127239676801618,-0.92023,-611719.9691224843,-0.90354,286745777.58608264,291514753.9009228,1000000000.0,23.38,-98.99908,2021-03-13T15:44:36.000Z,0.139503,67.72394,2026-06-25T13:59:50.000Z,0,2026-09-09T11:41:10.000Z,2021-03-13 15:44:36+00:00,2026-06-25 13:59:50+00:00
redstone-oracles,red,RedStone,https://coin-images.coingecko.com/coins/images/53640/large/RedStone_Logo_New_White.png?1740640919,0.131748,66773552,379.0,131687546.0,3094965.0,0.134389,0.125986,-0.002366112147750205,-1.65176,-1091370.321634248,-1.60815,507060497.0,1000000000.0,1000000000.0,0.932461,-85.8709,2025-03-06T04:36:56.000Z,0.082386,59.91612,2026-08-17T10:25:20.000Z,0,2026-09-09T11:41:10.000Z,2025-03-06 04:36:56+00:00,2026-08-17 10:25:20+00:00
spark-2,spk,Spark,https://coin-images.coingecko.com/coins/images/38637/large/Spark-Logomark-RGB.png?1744878896,0.02019824,66264170,380.0,201956180.0,16806862.0,0.02064425,0.01989623,-0.000395926985637052,-1.97061,-1307570.6483783275,-1.93509,3281116226.8200903,10000000000.0,10000000000.0,0.184472,-89.05081,2025-07-23T14:01:29.000Z,0.01301419,55.20167,2026-08-19T07:36:10.000Z,0,2026-09-09T11:41:10.000Z,2025-07-23 14:01:29+00:00,2026-08-19 07:36:10+00:00
wormhole,w,Wormhole,https://coin-images.coingecko.com/coins/images/35087/large/W_Token_%283%29.png?1758122686,0.01027005,66242293,381.0,102694177.0,5223664.0,0.01041973,0.01008703,-3.217801040293e-06,-0.03055,-9850.071008577943,-0.01487,6450443000.0,10000000000.0,10000000000.0,1.66,-99.38047,2024-04-03T03:46:35.000Z,0.00782451,31.25482,2026-07-31T14:10:50.000Z,0,2026-09-09T11:41:10.000Z,2024-04-03 03:46:35+00:00,2026-07-31 14:10:50+00:00
metal-blockchain,metal,Metal Blockchain,https://coin-images.coingecko.com/coins/images/27222/large/MB-Logo.png?1710514210,0.130405,66204808,382.0,86944592.0,546119.0,0.131878,0.129525,-0.00016207740438598,-0.11644,-76368.14935267717,-0.11522,507639839.0528356,666666666.0,666666666.0,1.65,-92.09256,2022-09-12T05:18:04.000Z,0.03510303,271.49281,2024-08-04T22:56:59.000Z,0,2026-09-09T11:41:10.000Z,2022-09-12 05:18:04+00:00,2024-08-04 22:56:59+00:00
safecoin,safe,SAFEbit,https://coin-images.coingecko.com/coins/images/67434/large/200x200_%281%29.png?1752777433,0.092848,66151674,383.0,92850428.0,8493.59,0.097477,0.082503,-0.00064334624552502,-0.68608,-456686.547508806,-0.68563,712454166.6666667,1000000000.0,1000000000.0,0.503782,-81.56979,2025-10-03T04:47:22.000Z,0.04176784,122.29564,2026-04-07T12:22:00.000Z,0,2026-09-09T11:41:10.000Z,2025-10-03 04:47:22+00:00,2026-04-07 12:22:00+00:00
numeraire,nmr,Numeraire,https://coin-images.coingecko.com/coins/images/752/large/numeraire.png?1696501906,9.41,66151480,384.0,99697775.0,5535395.0,9.57,9.27,-0.10538417879247852,-1.12991,-745519.7103449255,-1.11443,7033472.777420848,10600240.33989235,11000000.0,93.15,-89.90259,2021-05-16T02:29:06.000Z,2.06,355.65525,2018-11-26T16:00:00.000Z,0,2026-09-09T11:41:10.000Z,2021-05-16 02:29:06+00:00,2018-11-26 16:00:00+00:00
mindwavedao,nila,MindWaveDAO,https://coin-images.coingecko.com/coins/images/55467/large/NILA.png?1746206480,0.078142,65853320,385.0,82595128.0,276837.0,0.078401,0.077862,2.503e-05,0.034,18854.0,0.02864,842766176.55,1057021569.0,1057021569.0,0.39007,-79.96713,2025-09-06T17:25:22.000Z,0.0014606,5249.9946,2025-09-26T18:45:46.000Z,0,2026-09-09T11:41:10.000Z,2025-09-06 17:25:22+00:00,2025-09-26 18:45:46+00:00
ravedao,rave,RaveDAO,https://coin-images.coingecko.com/coins/images/70544/large/coin.jpeg?1762452940,0.247624,65797106,386.0,247554014.0,695812.0,0.257476,0.246699,-0.004136721198330112,-1.67261,-1118216.7347983718,-1.67109,265788888.0,1000000000.0,1000000000.0,28.1,-99.11892,2026-04-18T01:38:00.000Z,0.206266,20.0513,2026-03-11T18:10:18.000Z,0,2026-09-09T11:41:10.000Z,2026-04-18 01:38:00+00:00,2026-03-11 18:10:18+00:00
nexpace,nxpc,Nexpace,https://coin-images.coingecko.com/coins/images/55703/large/wk63iOZz_400x400.png?1747126039,0.216151,65707771,387.0,214927764.0,5280272.0,0.221873,0.208008,0.00389288,1.83142,1169746.0,1.81249,304054865.5175758,994552574.1697733,1000000000.0,3.77,-94.27229,2025-05-15T01:15:14.000Z,0.17425,24.04631,2026-08-14T03:48:50.000Z,0,2026-09-09T11:41:10.000Z,2025-05-15 01:15:14+00:00,2026-08-14 03:48:50+00:00
tradable-eu-latam-pos-financing-sstl,pc0000049,Tradable Eu/LatAm PoS Financing SSTL,https://coin-images.coingecko.com/coins/images/66794/large/tradable.jpg?1750576332,1.0,65300000,388.0,65300000.0,0.0,1.0,1.0,-1.11e-16,0.0,-7.450580597e-09,0.0,65300000.0,65300000.0,100000000.0,1.0,0.0,2025-07-03T02:25:01.000Z,1.0,0.0,2026-07-23T07:25:00.000Z,0,2026-09-09T11:41:10.000Z,2025-07-03 02:25:01+00:00,2026-07-23 07:25:00+00:00
linea,linea,Linea,https://coin-images.coingecko.com/coins/images/68507/large/linea-logo.jpeg?1756025484,0.00265872,65209415,389.0,190344174.0,6982709.0,0.00273427,0.00264529,-6.426854908512e-05,-2.37525,-1577700.8359016925,-2.36228,24527101521.37352,71593816498.0,72009990000.0,0.04666898,-94.30302,2025-09-10T07:26:12.000Z,0.00206952,28.47041,2026-08-19T06:14:40.000Z,0,2026-09-09T11:41:10.000Z,2025-09-10 07:26:12+00:00,2026-08-19 06:14:40+00:00
kava,kava,Kava,https://coin-images.coingecko.com/coins/images/9761/large/kava.png?1696509822,0.060021,64982863,390.0,64982863.0,9688785.0,0.060888,0.058626,0.00095402,1.59541,1022031.0,1.5979,1082846942.0,1082846942.0,1000000000.0,9.12,-99.34189,2021-08-30T03:10:02.000Z,0.03967785,51.27158,2026-06-06T05:04:15.000Z,0,2026-09-09T11:41:10.000Z,2021-08-30 03:10:02+00:00,2026-06-06 05:04:15+00:00
midas-mf-one,mf-one,Midas mF-ONE,https://coin-images.coingecko.com/coins/images/66975/large/mfone-logo.png?1751307469,1.12,64961759,391.0,64961759.0,0.0,1.13,1.12,0.00054067,0.04825,330755.0,0.51176,57938699.27881998,57938699.27881998,1000000000.0,1.14,-1.65361,2026-08-19T15:30:00.000Z,1.008,11.21002,2025-07-21T03:10:08.000Z,0,2026-09-09T11:41:10.000Z,2026-08-19 15:30:00+00:00,2025-07-21 03:10:08+00:00
escoin-token,elg,Escoin,https://coin-images.coingecko.com/coins/images/13566/large/escoin-200.png?1696513320,0.291356,64938197,392.0,72837116.0,277785.0,0.291414,0.291277,6.443e-05,0.01988,12613.68,0.01943,222888413.08959576,250000000.0,1000000000.0,3.61,-91.92935,2022-06-23T18:40:08.000Z,0.00064644,44970.79702,2021-01-10T08:54:16.000Z,0,2026-09-09T11:41:10.000Z,2022-06-23 18:40:08+00:00,2021-01-10 08:54:16+00:00
bas,bas,BNB Attestation Service,https://coin-images.coingecko.com/coins/images/67419/large/bas.jpg?1752736026,0.0258412,64613005,393.0,258452021.0,1468184.0,0.02653431,0.02571053,-0.000158160277177966,-0.58949,-385400.9640491009,-0.59294,2500000000.0,10000000000.0,10000000000.0,0.166539,-84.48338,2025-10-17T02:05:13.000Z,0.00259671,895.15227,2026-02-05T16:35:42.000Z,0,2026-09-09T11:41:10.000Z,2025-10-17 02:05:13+00:00,2026-02-05 16:35:42+00:00
spacex-bstocks-tokenized-stock,spcxb,SpaceX (bStocks Tokenized Stock),https://coin-images.coingecko.com/coins/images/102173888/large/bstocks_spacex.png?1781280362,152.23,64410999,394.0,64410999.0,25403587.0,154.55,145.52,3.58,2.31687,632823.0,0.99222,423064.73191754,423064.73191754,1000000000.0,229.67,-33.71497,2026-06-16T01:00:20.000Z,105.76,43.94015,2026-08-03T13:30:40.000Z,0,2026-09-09T11:41:10.000Z,2026-06-16 01:00:20+00:00,2026-08-03 13:30:40+00:00
pharos-network,pros,Pharos,https://coin-images.coingecko.com/coins/images/102172947/large/pharos_400x400.jpg?1776780623,0.472584,64079127,395.0,472559931.0,9023724.0,0.573276,0.427708,0.03598236,8.22865,4875895.0,8.23586,135600000.0,1000000000.0,1000000000.0,1.13,-58.31962,2026-04-28T15:06:00.000Z,0.31773,48.73781,2026-07-21T00:12:30.000Z,0,2026-09-09T11:41:10.000Z,2026-04-28 15:06:00+00:00,2026-07-21 00:12:30+00:00
saturn-dollar,usdat,Saturn Dollar,https://coin-images.coingecko.com/coins/images/102172645/large/usdat.png?1774503009,1.0,63746946,396.0,63746946.0,4165254.0,1.0,0.99892,0.00105603,0.10262,-507068.1986129582,-0.78916,63736010.813904,63736010.813904,1000000000.0,1.042,-4.05137,2026-04-08T13:58:00.000Z,0.99684,0.33661,2026-08-31T11:30:00.000Z,0,2026-09-09T11:41:10.000Z,2026-04-08 13:58:00+00:00,2026-08-31 11:30:00+00:00
soon-2,soon,SOON,https://coin-images.coingecko.com/coins/images/55124/large/red_2.PNG?1743843131,0.18741,63623141,397.0,2061085473.0,5287604.0,0.192133,0.17916,-0.00285191902205878,-1.52661,-1026441.9058445394,-1.5877,339791742.36,11007627367.44998,1000000000.0,4.3,-95.64234,2025-11-14T12:10:58.000Z,0.100892,85.7535,2026-04-10T01:07:00.000Z,0,2026-09-09T11:41:10.000Z,2025-11-14 12:10:58+00:00,2026-04-10 01:07:00+00:00
anvil,anvl,Anvil,https://coin-images.coingecko.com/coins/images/50825/large/anvil.png?1744709012,0.00071728,63162572,398.0,71709487.0,72637.0,0.0007466,0.000715,-1.0431607394463e-05,-1.43664,-934737.7066947371,-1.45831,88081193769.55038,100000000000.0,100000000000.0,0.00929021,-92.27923,2025-01-03T18:16:12.000Z,2.512e-05,2754.88988,2025-10-11T05:10:55.000Z,0,2026-09-09T11:41:10.000Z,2025-01-03 18:16:12+00:00,2025-10-11 05:10:55+00:00
prize-protocol,prize,Prize Protocol,https://coin-images.coingecko.com/coins/images/102173006/large/PrizeProtocolLogoHighRes.png?1777125639,0.00118111,62976300,399.0,118108242.0,16714.82,0.00120302,0.00116928,-7.44807119225e-07,-0.06617,-41301.867728956044,-0.06554,53320833333.333336,99999997704.8605,100000000000.0,0.00150186,-21.35658,2026-09-05T17:57:50.000Z,0.0005997,96.95201,2026-06-06T04:46:45.000Z,0,2026-09-09T11:41:10.000Z,2026-09-05 17:57:50+00:00,2026-06-06 04:46:45+00:00
book-of-meme,bome,BOOK OF MEME,https://coin-images.coingecko.com/coins/images/36071/large/bome.png?1710407255,0.00090842,62678159,400.0,62678159.0,41580435.0,0.00094844,0.0008955,-1.7821881217117e-05,-1.98017,-1231912.3173949495,-1.92757,68999659569.0,68999659569.0,68999659569.0,0.02688878,-96.62158,2024-03-16T05:51:17.000Z,5.848e-05,1453.31038,2024-03-14T02:17:29.000Z,0,2026-09-09T11:41:10.000Z,2024-03-16 05:51:17+00:00,2024-03-14 02:17:29+00:00
berachain-bera,bera,Berachain,https://coin-images.coingecko.com/coins/images/25235/large/BERA.png?1738822008,0.187129,62331374,401.0,104586319.0,8071006.0,0.192428,0.181352,0.00064537,0.36093,236454.0,0.38079,333070920.4980646,558864747.1593481,1000000000.0,14.83,-98.73794,2025-02-06T06:16:01.000Z,0.137662,35.93386,2026-08-14T15:20:40.000Z,0,2026-09-09T11:41:10.000Z,2025-02-06 06:16:01+00:00,2026-08-14 15:20:40+00:00
espresso,esp,Espresso,https://coin-images.coingecko.com/coins/images/67626/large/espresso.jpg?1753324525,0.093079,62236180,402.0,335906842.0,2619347.0,0.093638,0.090178,0.0003507,0.3385,224576.0,0.36215,668856351.7316145,3601379682.0,1000000000.0,0.217368,-57.17894,2026-02-24T00:10:22.000Z,0.05223,78.21001,2026-02-15T11:15:15.000Z,0,2026-09-09T11:41:10.000Z,2026-02-24 00:10:22+00:00,2026-02-15 11:15:15+00:00
kinetiq,kntq,Kinetiq,https://coin-images.coingecko.com/coins/images/70252/large/kntq.png?1761279547,0.221614,62158416,403.0,221617443.0,1456629.0,0.222431,0.206515,0.00198005,1.07752,556273.0,0.90301,280476190.48,1000000000.0,1000000000.0,0.376888,-41.19891,2026-06-02T03:42:30.000Z,0.03578417,519.30785,2025-12-17T19:22:13.000Z,0,2026-09-09T11:41:10.000Z,2026-06-02 03:42:30+00:00,2025-12-17 19:22:13+00:00
royal-euro,reur,Royal Euro,https://coin-images.coingecko.com/coins/images/102172401/large/REUR_logo_200x200_px.png?1773503207,4.13,62008637,348.0,20669545573.0,19804868.0,0.0,0.0,3.8144999999999995e-05,0.011965,52452.0,0.030195,15000000.0,5000000000.0,1000000000.0,4.13,-0.00868,2026-06-29T19:51:40.000Z,0.348874,1084.9285,2026-06-23T12:49:00.000Z,0,2026-06-29T19:55:10.000Z,2026-06-29 19:51:40+00:00,2026-06-23 12:49:00+00:00
ai-xovia,aix,AI XOVIA,https://coin-images.coingecko.com/coins/images/67657/large/Aixovia-Logo-200x200.png?1753425170,0.614858,61483803,404.0,61483803.0,241438.0,0.646758,0.569864,-0.00784149337724771,-1.26239,-785694.7166210338,-1.26176,99999347.71616927,99999347.71616927,100000000.0,45.0,-98.63359,2025-08-04T16:19:24.000Z,0.329828,86.41746,2026-07-28T12:34:50.000Z,0,2026-09-09T11:41:10.000Z,2025-08-04 16:19:24+00:00,2026-07-28 12:34:50+00:00
lobster-2,龙虾,龙虾 (Lobster),https://coin-images.coingecko.com/coins/images/102172215/large/bvnt2zqtx33e6at5pm5marta4070.?1772252895,0.061358,61353142,405.0,61353142.0,11651124.0,0.06297,0.053676,0.00269266,4.65422,2688220.0,4.58233,1000000000.0,1000000000.0,1000000000.0,0.100567,-38.98806,2026-09-04T16:45:10.000Z,0.00145753,4109.70398,2026-02-28T09:08:30.000Z,0,2026-09-09T11:41:10.000Z,2026-09-04 16:45:10+00:00,2026-02-28 09:08:30+00:00
midas-fasanara-global-open,mglo,Midas Fasanara Global Open,https://coin-images.coingecko.com/coins/images/102174031/large/mglobal-Cm4yjVTI.png?1781967852,1.0,61003135,406.0,61003135.0,0.0,1.0,1.0,-1.11e-16,0.0,-7.450580597e-09,0.0,61003135.38975101,61003135.38975101,1000000000.0,1.0,0.0,2026-07-23T04:25:10.000Z,1.0,0.0,2026-07-23T07:25:00.000Z,0,2026-09-09T11:41:10.000Z,2026-07-23 04:25:10+00:00,2026-07-23 07:25:00+00:00
zignaly,zig,ZIGChain,https://coin-images.coingecko.com/coins/images/14796/large/ZIG_COIN_%281%29.png?1779272472,0.04325234,60938404,407.0,84510318.0,7181659.0,0.04507041,0.04292297,-0.001790015431945763,-3.97924,-2523607.011184782,-3.97656,1408940795.2396517,1953940795.2396517,2000000000.0,0.224179,-80.70633,2021-04-15T07:39:42.000Z,0.00428716,908.88173,2023-07-14T21:31:20.000Z,0,2026-09-09T11:41:10.000Z,2021-04-15 07:39:42+00:00,2023-07-14 21:31:20+00:00
allora,allo,Allora,https://coin-images.coingecko.com/coins/images/70609/large/allo-token.png?1763451165,0.243616,60917041,408.0,192025347.0,4639010.0,0.253864,0.241202,-0.004931290541590166,-1.98196,-1224472.2680155784,-1.97046,250029567.1251661,788154024.7516667,1000000000.0,1.6,-84.75382,2025-11-11T03:10:57.000Z,0.04768726,410.86148,2026-02-05T16:25:34.000Z,0,2026-09-09T11:41:10.000Z,2025-11-11 03:10:57+00:00,2026-02-05 16:25:34+00:00
meme-horse,mhorse,MEME HORSE,https://coin-images.coingecko.com/coins/images/102171984/large/1000322552.png?1770837497,0.060542,60541338,409.0,60541338.0,97340.0,0.060556,0.060518,7.96e-06,0.01188,7682.04,0.01269,999999999.0,999999999.0,1000000000.0,0.120745,-49.86002,2026-06-18T11:33:30.000Z,0.01028842,488.4444,2026-02-11T20:39:52.000Z,0,2026-09-09T11:41:10.000Z,2026-06-18 11:33:30+00:00,2026-02-11 20:39:52+00:00
ecomi,omi,ECOMI,https://coin-images.coingecko.com/coins/images/4428/large/ECOMI.png?1696505023,0.00021923,59447204,410.0,68208094.0,773023.0,0.00023444,0.00021867,-1.4720421179158e-05,-6.22533,-3942196.2807682306,-6.21901,270951644947.0,310882499574.018,750000000000.0,0.01343572,-98.3683,2021-03-19T09:20:53.000Z,3.37e-06,6403.519,2019-11-04T02:52:42.000Z,"{'times': -0.7214238990435851, 'currency': 'btc', 'percentage': -72.14238990435851}",2026-09-09T11:41:10.000Z,2021-03-19 09:20:53+00:00,2019-11-04 02:52:42+00:00
chainopera-ai,coai,ChainOpera AI,https://coin-images.coingecko.com/coins/images/69447/large/coai.png?1758625501,0.313954,59023394,411.0,313954058.0,1685227.0,0.32336,0.312616,-0.008793172466865784,-2.73111,-1653018.1079875156,-2.72432,188000098.0,1000000000.0,1000000000.0,43.81,-99.28343,2025-10-12T12:51:39.000Z,0.138148,127.25839,2025-09-26T07:57:34.000Z,0,2026-09-09T11:41:10.000Z,2025-10-12 12:51:39+00:00,2025-09-26 07:57:34+00:00
qubic-network,qubic,Qubic,https://coin-images.coingecko.com/coins/images/32949/large/qubic_logo_new.png?1755496837,4.15253e-07,58986642,412.0,73458220.0,841657.0,4.20235e-07,4.06498e-07,3.504e-09,0.91339,489959.0,0.83758,142068835788156.0,176923511873269.0,200000000000000.0,1.256e-05,-96.69428,2024-03-02T04:28:41.000Z,3.6533e-07,13.66514,2026-06-26T03:51:30.000Z,0,2026-09-09T11:41:10.000Z,2024-03-02 04:28:41+00:00,2026-06-26 03:51:30+00:00
noxo,noxo,NOXO,https://coin-images.coingecko.com/coins/images/102176562/large/20260828-171534.png?1788170562,0.353621,58936559,413.0,58936559.0,2362.49,0.355513,0.352373,0.00124107,0.35092,206575.0,0.35174,166666666.0,166666666.0,166666666.0,0.355513,-0.53228,2026-09-08T20:46:30.000Z,0.211823,66.9414,2026-09-01T02:41:30.000Z,0,2026-09-09T11:41:10.000Z,2026-09-08 20:46:30+00:00,2026-09-01 02:41:30+00:00
cross-2,one,ONEchain,https://coin-images.coingecko.com/coins/images/67058/large/ONE_logo_200x200.png?1787648216,0.115098,58279053,414.0,113400665.0,5622224.0,0.116305,0.103949,0.00502367,4.56384,2635848.0,4.73705,506327336.6949549,985222890.0,1000000000.0,0.438189,-73.73323,2025-07-17T18:41:59.000Z,0.04660973,146.93987,2025-07-05T22:56:39.000Z,0,2026-09-09T11:41:10.000Z,2025-07-17 18:41:59+00:00,2025-07-05 22:56:39+00:00
bio-protocol,bio,Bio Protocol,https://coin-images.coingecko.com/coins/images/53022/large/bio.jpg?1735011002,0.02711978,58165118,415.0,90025909.0,11754636.0,0.02881475,0.02685167,-0.000156849867925149,-0.5903,-344048.05125306547,-0.58802,2145029070.25,3320000000.0,3320000000.0,0.888995,-96.94939,2025-01-03T05:16:10.000Z,0.01580293,71.61235,2026-03-29T22:49:00.000Z,0,2026-09-09T11:41:10.000Z,2025-01-03 05:16:10+00:00,2026-03-29 22:49:00+00:00
vaneck-treasury-fund,vbill,VanEck Treasury Fund,https://coin-images.coingecko.com/coins/images/56023/large/vbill_200.png?1748092620,1.0,57881259,416.0,57881259.0,0.0,1.0,1.0,-1.11e-16,0.0,22218.0,0.0384,57881258.96965501,57881258.969655,1000000000.0,1.0,0.0,2025-05-28T17:55:13.000Z,1.0,0.0,2026-07-23T07:25:00.000Z,0,2026-09-09T11:41:10.000Z,2025-05-28 17:55:13+00:00,2026-07-23 07:25:00+00:00
jpycoin,jpyc,JPY Coin,https://coin-images.coingecko.com/coins/images/70314/large/JPYC_400x400.jpg?1761556080,0.00649778,57214650,417.0,57214650.0,36259.0,0.00654109,0.00641819,2.34e-05,0.35828,204618.0,0.35892,8805482436.95474,8805482436.95474,1000000000.0,0.00675991,-3.87776,2026-09-03T17:48:50.000Z,0.00530387,22.51009,2026-06-26T05:29:30.000Z,0,2026-09-09T11:41:10.000Z,2026-09-03 17:48:50+00:00,2026-06-26 05:29:30+00:00
tradable-na-legal-receivables-ssl,pc0000081,Tradable NA Legal Receivables SSL,https://coin-images.coingecko.com/coins/images/66799/large/tradable.jpg?1750576475,1.0,57132381,418.0,57132381.0,0.0,1.0,1.0,-1.11e-16,0.0,-7.450580597e-09,0.0,57132381.03,57132381.03,125000000.0,1.0,0.0,2025-07-15T12:45:11.000Z,0.999999,0.0001,2025-07-03T02:25:11.000Z,0,2026-09-09T11:41:10.000Z,2025-07-15 12:45:11+00:00,2025-07-03 02:25:11+00:00
score,sn44,Score,https://coin-images.coingecko.com/coins/images/66325/large/score-logo.jpg?1749213803,10.49,56854827,419.0,56854827.0,1275076.0,10.66,9.12,0.296836,2.90899,1691536.0,3.06642,5420250.992388407,5420250.992388407,21000000.0,14.86,-29.40134,2025-06-09T22:41:00.000Z,0.053336,19566.86163,2026-04-03T10:00:00.000Z,0,2026-09-09T11:41:10.000Z,2025-06-09 22:41:00+00:00,2026-04-03 10:00:00+00:00
skyai,skyai,SkyAI,https://coin-images.coingecko.com/coins/images/55294/large/1.png?1745517593,0.05694,56815072,420.0,56815072.0,4682000.0,0.057733,0.054986,0.00043611,0.72903,402242.0,0.71303,998384105.0942049,998384105.0942049,1000000000.0,0.855653,-93.34541,2026-05-06T05:10:00.000Z,0.01433298,297.26739,2025-10-10T17:55:44.000Z,0,2026-09-09T11:41:10.000Z,2026-05-06 05:10:00+00:00,2025-10-10 17:55:44+00:00
sp500-xstock,spyx,SP500 xStock,https://coin-images.coingecko.com/coins/images/66695/large/Ticker_SPX__Company_Name_SP500__size_200x200_2x.png?1750266819,768.09,56395023,421.0,206653244.0,11307492.0,774.18,768.11,-4.123008045673146,-0.53699,587753.0,1.05318,73423.70531919562,269052.9408935288,1000000000.0,783.63,-1.9829,2026-08-13T14:35:30.000Z,614.77,24.94091,2025-07-02T15:29:47.000Z,0,2026-09-09T11:41:10.000Z,2026-08-13 14:35:30+00:00,2025-07-02 15:29:47+00:00
nervos-network,ckb,Nervos Network,https://coin-images.coingecko.com/coins/images/9566/large/Nervos_White.png?1696509646,0.00113678,56277390,422.0,57234368.0,1415449.0,0.00114709,0.00110947,-6.967423532758e-06,-0.56854,-316688.86623536795,-0.55958,49487264597.21916,50328778791.99207,1000000000.0,0.04370633,-97.39905,2021-03-31T09:08:59.000Z,0.00079635,42.74936,2026-08-14T12:42:10.000Z,"{'times': -0.8862215083772556, 'currency': 'usd', 'percentage': -88.62215083772556}",2026-09-09T11:41:10.000Z,2021-03-31 09:08:59+00:00,2026-08-14 12:42:10+00:00
affine,sn120,affine,https://coin-images.coingecko.com/coins/images/69755/large/affine-logo.jpeg?1759487699,13.98,56227448,423.0,56227448.0,471229.0,14.14,12.31,0.551388,4.1039,2331037.0,4.32503,4023140.678237619,4023140.678237619,21000000.0,30.83,-54.66386,2025-10-14T11:46:12.000Z,0.138582,9985.30011,2026-04-03T09:59:00.000Z,0,2026-09-09T11:41:10.000Z,2025-10-14 11:46:12+00:00,2026-04-03 09:59:00+00:00
jelly-my-jelly,jellyjelly,Jelly-My-Jelly,https://coin-images.coingecko.com/coins/images/54087/large/jellyjelly-logo.webp?1738218050,0.056162,56193169,424.0,56193169.0,4693324.0,0.057418,0.055564,0.00046241,0.81998,494056.0,0.88701,999999099.34,999999099.34,1000000000.0,0.473157,-88.13045,2025-11-04T13:30:40.000Z,0.00372817,1406.41044,2025-03-10T14:26:21.000Z,0,2026-09-09T11:41:10.000Z,2025-11-04 13:30:40+00:00,2025-03-10 14:26:21+00:00
ontology,ont,Ontology,https://coin-images.coingecko.com/coins/images/3447/large/ONT.png?1696504138,0.056151,56144629,425.0,56144629.0,2511559.0,0.057488,0.055506,8.719e-05,0.15017,81213.0,0.14486,1000000000.0,1000000000.0,1000000000.0,10.92,-99.48582,2018-05-02T17:43:05.000Z,0.03480475,61.3303,2026-08-14T10:02:50.000Z,0,2026-09-09T11:41:10.000Z,2018-05-02 17:43:05+00:00,2026-08-14 10:02:50+00:00
zetachain,zeta,ZetaChain,https://coin-images.coingecko.com/coins/images/26718/large/Twitter_icon.png?1696525788,0.03497414,56088068,426.0,73291124.0,13105167.0,0.03550072,0.03431649,-3.2862922700896e-05,-0.30741,-171094.81048151106,-0.30412,1607083333.0,2100000000.0,2100000000.0,2.85,-98.77434,2024-02-15T12:45:12.000Z,0.02663576,31.3052,2026-08-14T10:00:10.000Z,0,2026-09-09T11:41:10.000Z,2024-02-15 12:45:12+00:00,2026-08-14 10:00:10+00:00
zilliqa,zil,Zilliqa,https://coin-images.coingecko.com/coins/images/2687/large/Zilliqa-logo.png?1696503475,0.0028695,55996244,427.0,59040780.0,14886559.0,0.00316859,0.00283628,-3.0905856068241e-05,-1.06066,-600984.9333125204,-1.06186,19513551525.0,20574556179.26964,21000000000.0,0.255376,-98.87636,2021-05-06T09:33:45.000Z,0.0021856,31.29107,2026-08-18T03:33:50.000Z,"{'times': -0.8641520800341975, 'currency': 'eth', 'percentage': -86.41520800341975}",2026-09-09T11:41:10.000Z,2021-05-06 09:33:45+00:00,2026-08-18 03:33:50+00:00
oasis-network,rose,Oasis,https://coin-images.coingecko.com/coins/images/13162/large/200x200_%28Rounded%29.png?1743579893,0.00694765,55875331,428.0,69498998.0,2068131.0,0.00706894,0.00680947,-1.1167737642244e-05,-0.16147,-71102.1994817704,-0.12709,8039731946.0,10000000000.0,10000000000.0,0.597347,-98.83691,2022-01-14T19:31:11.000Z,0.00501758,38.46637,2026-07-28T01:08:40.000Z,0,2026-09-09T11:41:10.000Z,2022-01-14 19:31:11+00:00,2026-07-28 01:08:40+00:00
io,io,io.net,https://coin-images.coingecko.com/coins/images/37754/large/io_blackbg.png?1715446363,0.141548,55809946,429.0,112947787.0,11871071.0,0.14175,0.134018,0.00172969,1.22029,673332.0,1.22121,394344740.5544221,798072190.5805594,800000000.0,6.43,-97.79718,2024-06-12T13:14:55.000Z,0.092979,52.23704,2026-02-05T16:30:32.000Z,0,2026-09-09T11:41:10.000Z,2024-06-12 13:14:55+00:00,2026-02-05 16:30:32+00:00
axelar,axl,Axelar,https://coin-images.coingecko.com/coins/images/27277/large/V-65_xQ1_400x400.jpeg?1696526329,0.04511351,55745835,430.0,56588053.0,2121842.0,0.04544417,0.04391477,-0.000296951316580835,-0.58849,-306197.32316724956,-0.54627,1234898924.0530128,1253557488.822621,1000000000.0,2.64,-98.29368,2024-03-01T01:20:05.000Z,0.03438952,31.1839,2026-08-19T05:58:40.000Z,0,2026-09-09T11:41:10.000Z,2024-03-01 01:20:05+00:00,2026-08-19 05:58:40+00:00
standx-dusd,dusd,StandX DUSD,https://coin-images.coingecko.com/coins/images/55984/large/output-onlinepngtools.png?1747932126,0.998668,54921053,431.0,54915895.0,36199.0,0.999076,0.998474,0.0001458,0.01317,8502.49,0.01548,54994544.506188,54989379.546706,1000000000.0,1.039,-3.92044,2025-11-20T23:46:31.000Z,0.880149,13.46586,2026-07-14T15:22:10.000Z,0,2026-09-09T11:41:10.000Z,2025-11-20 23:46:31+00:00,2026-07-14 15:22:10+00:00
4stock,4stock,4Stock,https://coin-images.coingecko.com/coins/images/102176822/large/4stock.webp?1788856122,0.054701,54871233,432.0,54871233.0,134413117.0,0.060277,0.02651137,0.01858662,51.37946,52452.0,0.030195,1000000000.0,1000000000.0,1000000000.0,0.060662,-9.82667,2026-09-08T09:10:20.000Z,0.02651137,106.33132,2026-09-08T12:19:20.000Z,0,2026-09-09T11:41:10.000Z,2026-09-08 09:10:20+00:00,2026-09-08 12:19:20+00:00
venus,xvs,Venus,https://coin-images.coingecko.com/coins/images/12677/large/XVS_Token.jpg?1727454303,3.25,54827456,433.0,96705125.0,1155497.0,3.34,3.24,-0.05281277228570724,-1.59142,-901083.9393089116,-1.61692,16864138.390332654,29745107.91704284,30000000.0,146.82,-97.78524,2021-05-09T19:04:27.000Z,1.65,96.62619,2020-10-05T21:02:54.000Z,0,2026-09-09T11:41:10.000Z,2021-05-09 19:04:27+00:00,2020-10-05 21:02:54+00:00
temple,temple,TempleDAO,https://coin-images.coingecko.com/coins/images/20040/large/LPK15ZOW_400x400.jpg?1696519459,2.3,54654095,432.0,54763027.0,24423.0,2.3,2.3,3.8144999999999995e-05,0.011965,52452.0,0.030195,23722422.590706144,23769704.54225455,1000000000.0,4.11,-43.98281,2025-11-20T20:47:53.000Z,0.186329,1136.466,2023-03-19T02:06:55.000Z,0,2026-09-09T07:34:50.000Z,2025-11-20 20:47:53+00:00,2023-03-19 02:06:55+00:00
enjincoin,enj,Enjin Coin,https://coin-images.coingecko.com/coins/images/1102/large/Symbol_Only_-_Purple.png?1709725966,0.0270907,54167212,434.0,54765887.0,3188538.0,0.02777148,0.0268225,-0.000457046155673862,-1.6365,-889271.5539417714,-1.6152,1998851885.767418,2020943909.121787,1000000000.0,4.82,-99.43787,2021-11-25T01:53:41.000Z,0.01740499,55.64909,2026-03-07T22:25:21.000Z,0,2026-09-09T11:41:10.000Z,2021-11-25 01:53:41+00:00,2026-03-07 22:25:21+00:00
fonq,fonq,FONQ,https://coin-images.coingecko.com/coins/images/102173670/large/IMG_6664.png?1780833027,0.077132,53991305,435.0,53991305.0,67717.0,0.078269,0.075862,0.00044922,0.59568,313093.0,0.58328,700000000.0,700000000.0,700000000.0,0.08965,-13.96246,2026-07-30T23:35:30.000Z,0.04096578,88.28489,2026-08-03T07:09:30.000Z,0,2026-09-09T11:41:10.000Z,2026-07-30 23:35:30+00:00,2026-08-03 07:09:30+00:00
based-brett,brett,Brett,https://coin-images.coingecko.com/coins/images/35529/large/1000050750.png?1709031995,0.00543904,53864331,436.0,53864331.0,3469977.0,0.00554542,0.00523269,6.573e-05,1.1674,616945.0,1.15864,9909603458.96731,9909603458.96731,9999998988.0,0.234204,-97.67765,2024-12-01T08:31:18.000Z,0.00084753,541.75394,2024-02-29T00:40:24.000Z,0,2026-09-09T11:41:10.000Z,2024-12-01 08:31:18+00:00,2024-02-29 00:40:24+00:00
flying-tulip,ft,Flying Tulip,https://coin-images.coingecko.com/coins/images/68285/large/FlyingTulip_FT_200px.png?1759802398,0.102057,53693276,437.0,86634146.0,324523.0,0.107527,0.101655,0.00015033,0.1624,95659.0,0.17848,525938084.2171733,848601541.1372782,10000000000.0,0.111021,-8.07434,2026-06-10T00:00:00.000Z,0.067001,52.32116,2026-04-22T09:37:00.000Z,0,2026-09-09T11:41:10.000Z,2026-06-10 00:00:00+00:00,2026-04-22 09:37:00+00:00
coti,coti,COTI,https://coin-images.coingecko.com/coins/images/2962/large/Coti.png?1696503705,0.01798717,53545613,438.0,53546261.0,33190015.0,0.01846198,0.01706395,0.00032766,1.81781,928018.0,1.7637,2979560602.83,2979596663.294341,4910000000.0,0.668634,-97.30986,2021-09-29T03:39:21.000Z,0.00556342,223.31156,2019-11-07T02:29:26.000Z,"{'times': -0.7233068485917117, 'currency': 'usd', 'percentage': -72.33068485917117}",2026-09-09T11:41:10.000Z,2021-09-29 03:39:21+00:00,2019-11-07 02:29:26+00:00
astar,astr,Astar,https://coin-images.coingecko.com/coins/images/22617/large/astr.png?1696521933,0.00609304,53384539,439.0,53389257.0,2353192.0,0.00643888,0.00603391,-0.000208524387765995,-3.29948,-1825780.7010802552,-3.30696,8761668770.0,8762442488.0,10000000000.0,0.421574,-98.55469,2022-01-17T05:34:36.000Z,0.00438437,38.972,2026-08-18T02:58:20.000Z,0,2026-09-09T11:41:10.000Z,2022-01-17 05:34:36+00:00,2026-08-18 02:58:20+00:00
nusd-2,nusd,Neutrl USD,https://coin-images.coingecko.com/coins/images/70027/large/NUSD-200x200.png?1760452629,0.998253,53296810,400.0,53296810.0,10315.61,0.0,0.0,3.8144999999999995e-05,0.011965,52452.0,0.030195,53390061.78502091,53390061.78502091,1000000000.0,1.031,-3.20218,2026-01-31T10:47:49.000Z,0.975411,2.34179,2025-11-20T08:41:47.000Z,0,2026-08-14T09:50:40.000Z,2026-01-31 10:47:49+00:00,2025-11-20 08:41:47+00:00
ald,ald,ALD,https://coin-images.coingecko.com/coins/images/102174845/large/175553.jpg?1785084640,0.053331,53265118,440.0,53265118.0,519877.0,0.053865,0.053035,-0.000372388806361069,-0.73257,-438450.6671536118,-0.81643,1000000000.0,1000000000.0,1000000000.0,0.064563,-17.39663,2026-08-27T16:57:10.000Z,0.03007515,77.32638,2026-07-29T14:39:50.000Z,0,2026-09-09T11:41:10.000Z,2026-08-27 16:57:10+00:00,2026-07-29 14:39:50+00:00
creditcoin-2,ctc,Creditcoin,https://coin-images.coingecko.com/coins/images/10569/large/Creditcoin_Symbol_dark56.png?1737796066,0.096492,53030813,441.0,57897665.0,495082.0,0.100869,0.09521,-0.002158861487322833,-2.19959,-1184403.267440483,-2.18463,549564264.0,599999997.0,1000000000.0,8.67,-98.88646,2021-03-13T19:54:22.000Z,0.063737,51.39178,2026-08-19T00:47:20.000Z,0,2026-09-09T11:41:10.000Z,2021-03-13 19:54:22+00:00,2026-08-19 00:47:20+00:00
brz,brz,Brazilian Digital,https://coin-images.coingecko.com/coins/images/8472/large/MicrosoftTeams-image_%286%29.png?1696508657,0.194553,52909113,442.0,52909113.0,22324.0,0.195457,0.192691,0.00177407,0.91708,481224.0,0.91788,271958898.5835775,271960828.6735775,1000000000.0,9.99,-98.05164,2023-10-29T15:35:00.000Z,0.00196567,9797.52744,2026-03-06T23:20:14.000Z,0,2026-09-09T11:41:10.000Z,2023-10-29 15:35:00+00:00,2026-03-06 23:20:14+00:00
quantum-resistant-ledger,qrl,Quantum Resistant Ledger,https://coin-images.coingecko.com/coins/images/700/large/qrl-logo.png?1763796842,0.674522,52876410,443.0,52876410.0,30294.0,0.751889,0.671419,-0.030936003740914764,-4.38826,-2426498.3370199725,-4.38765,78392960.0,78392960.0,105000000.0,3.87,-82.55284,2018-01-08T16:00:00.000Z,0.04116971,1538.39302,2023-12-01T04:26:13.000Z,0,2026-09-09T11:41:10.000Z,2018-01-08 16:00:00+00:00,2023-12-01 04:26:13+00:00
keeta,kta,Keeta,https://coin-images.coingecko.com/coins/images/54723/large/2025-03-05_22.53.06.jpg?1741234207,0.088104,52714838,444.0,87992864.0,1927103.0,0.09102,0.076736,0.01093865,14.03333,6486473.0,14.03137,599080827.9911076,1000000000.0,1000000000.0,1.68,-94.76112,2025-06-09T00:25:28.000Z,0.0068199,1191.86848,2025-03-08T07:56:27.000Z,0,2026-09-09T11:41:10.000Z,2025-06-09 00:25:28+00:00,2025-03-08 07:56:27+00:00
lab,lab,LAB,https://coin-images.coingecko.com/coins/images/70014/large/lab.png?1760352822,0.067323,52258365,445.0,67382950.0,7639336.0,0.070854,0.065459,-0.003056107707267747,-4.26386,-2323894.0275131464,-4.2576,775542856.0,1000000000.0,1000000000.0,27.48,-99.75497,2026-06-02T21:04:30.000Z,0.061188,10.02657,2026-08-22T05:12:40.000Z,0,2026-09-09T11:41:10.000Z,2026-06-02 21:04:30+00:00,2026-08-22 05:12:40+00:00
pentagon-chain,pc,Pentagon Chain,https://coin-images.coingecko.com/coins/images/66638/large/pentagon-chain-token-fcp.png?1750094674,53.02,52136384,446.0,53023179.0,3874.02,53.33,50.77,1.96,3.8496,1933483.0,3.85134,983275.3215980448,1000000.0,1000000000.0,58.59,-9.50297,2026-05-18T22:15:00.000Z,11.68,353.95669,2025-06-16T14:54:20.000Z,0,2026-09-09T11:41:10.000Z,2026-05-18 22:15:00+00:00,2025-06-16 14:54:20+00:00
ozapay,oza,Ozapay,https://coin-images.coingecko.com/coins/images/69784/large/OZAPAY_TOKEN.png?1759652625,0.057195,52022325,447.0,57015298.0,379.97,0.058069,0.056295,0.00025135,0.43824,227314.0,0.43887,909588287.04,996888287.04,996889071.62,0.059345,-3.62277,2026-08-27T08:51:30.000Z,0.01207693,373.58633,2026-05-18T07:13:00.000Z,0,2026-09-09T11:41:10.000Z,2026-08-27 08:51:30+00:00,2026-05-18 07:13:00+00:00
babylon,baby,Babylon,https://coin-images.coingecko.com/coins/images/55092/large/Baby-Symbol-Mint_%281%29.png?1744788866,0.0112657,51759799,448.0,123535669.0,7186113.0,0.01147303,0.01093876,-6.1197280760939e-05,-0.56539,-259562.5390232727,-0.49897,4594169001.98,10964965265.0,1000000000.0,0.166134,-93.21889,2025-04-12T00:11:41.000Z,0.00950914,18.47233,2026-08-16T06:12:30.000Z,0,2026-09-09T11:41:10.000Z,2025-04-12 00:11:41+00:00,2026-08-16 06:12:30+00:00
memetoon,meme,MEMETOON,https://coin-images.coingecko.com/coins/images/31632/large/meme.8af7ca91.png?1696530448,0.00051674,51673755,430.0,51673755.0,378082.0,0.0,0.0,3.8144999999999995e-05,0.011965,52452.0,0.030195,100000000000.0,100000000000.0,100000000000.0,0.02211441,-97.66334,2023-09-13T19:00:18.000Z,1.00191e-07,515654.84824,2025-06-15T23:23:39.000Z,0,2026-09-02T15:18:10.000Z,2023-09-13 19:00:18+00:00,2025-06-15 23:23:39+00:00
holoworld,holo,Holoworld,https://coin-images.coingecko.com/coins/images/68845/large/holo.png?1756787241,0.067433,51379322,449.0,137930014.0,8117212.0,0.068256,0.063447,0.00144417,2.0255,1037457.0,2.06082,762885817.999999,2048000000.0,2048000000.0,0.775714,-91.30699,2025-09-11T04:11:26.000Z,0.050023,34.80469,2026-02-05T16:25:39.000Z,0,2026-09-09T11:41:10.000Z,2025-09-11 04:11:26+00:00,2026-02-05 16:25:39+00:00
anemoy-tokenized-apollo-diversified-credit-fund,acrdx,Anemoy Tokenized Apollo Diversified Credit Fund,https://coin-images.coingecko.com/coins/images/70454/large/acdrx.png?1762081579,1.025,51288843,450.0,51288843.0,0.0,1.025,1.024,0.001148,0.11207,57416.0,0.11207,50014229.92,50014229.92,1000000000.0,1.025,0.0,2026-09-08T20:20:10.000Z,1.015,1.02833,2026-03-13T10:00:07.000Z,0,2026-09-09T11:41:10.000Z,2026-09-08 20:20:10+00:00,2026-03-13 10:00:07+00:00
blur,blur,Blur,https://coin-images.coingecko.com/coins/images/28453/large/blur.png?1696527448,0.01773134,51115806,451.0,53169373.0,6635891.0,0.0179527,0.0171655,0.00030733,1.70797,875241.0,1.7421,2884130621.5753427,3000000000.0,3000000000.0,5.02,-99.64652,2023-02-14T09:33:55.000Z,0.01276741,38.87964,2026-08-18T03:33:20.000Z,0,2026-09-09T11:41:10.000Z,2023-02-14 09:33:55+00:00,2026-08-18 03:33:20+00:00
tellor,trb,Tellor Tributes,https://coin-images.coingecko.com/coins/images/9644/large/TRB-New_Logo.png?1737722143,18.15,51079942,452.0,52494949.0,7845749.0,18.58,17.98,-0.24660280361650067,-1.35751,-710572.8192005977,-1.37201,2815121.0499873683,2893104.990749182,1000000000.0,593.09,-96.93947,2023-12-31T14:15:07.000Z,0.01001379,181166.14978,2019-11-01T02:00:10.000Z,0,2026-09-09T11:41:10.000Z,2023-12-31 14:15:07+00:00,2019-11-01 02:00:10+00:00
strategy-tokenized-bstocks,mstrb,Strategy (bStocks Tokenized Stock),https://coin-images.coingecko.com/coins/images/102176875/large/mstrb.png?1788940298,139.12,50840160,453.0,50840160.0,4610077.0,141.56,138.66,3.8144999999999995e-05,0.011965,52452.0,0.030195,365333.003289,365333.003289,1000000000.0,141.56,-1.71951,2026-09-09T08:58:40.000Z,138.35,0.55539,2026-09-09T11:03:00.000Z,0,2026-09-09T11:41:10.000Z,2026-09-09 08:58:40+00:00,2026-09-09 11:03:00+00:00
popcat,popcat,Popcat,https://coin-images.coingecko.com/coins/images/33760/large/image.jpg?1702964227,0.051879,50792725,454.0,50792725.0,11395169.0,0.053265,0.050049,0.00056894,0.95962,510449.0,1.01517,979978669.96,979978669.96,979978694.0,2.05,-97.47517,2024-11-17T07:50:59.000Z,0.00379728,1266.20271,2024-01-05T07:34:24.000Z,0,2026-09-09T11:41:10.000Z,2024-11-17 07:50:59+00:00,2024-01-05 07:34:24+00:00
acurast,acu,Acurast,https://coin-images.coingecko.com/coins/images/34367/large/Acurast-symbol-dark-bg.png?1728418440,0.135121,50712737,455.0,138900862.0,3868671.0,0.155351,0.136291,-0.01768191067613037,-11.59281,-6497459.830780774,-11.35717,375440017.0,1028320392.0,1000000000.0,0.315928,-57.23044,2026-01-23T18:02:00.000Z,0.065109,107.53179,2026-06-06T04:42:15.000Z,0,2026-09-09T11:41:10.000Z,2026-01-23 18:02:00+00:00,2026-06-06 04:42:15+00:00
ravencoin,rvn,Ravencoin,https://coin-images.coingecko.com/coins/images/3412/large/ravencoin.png?1696504108,0.00307884,50638650,456.0,50638650.0,1465385.0,0.00313442,0.00300324,6.62e-06,0.21491,114383.0,0.22639,16447386535.91267,16447455285.91267,21000000000.0,0.285218,-98.92053,2021-02-20T03:19:07.000Z,0.00258009,19.33085,2026-08-12T23:07:40.000Z,0,2026-09-09T11:41:10.000Z,2021-02-20 03:19:07+00:00,2026-08-12 23:07:40+00:00
na-capital-as-a-service-sstn,pc0016245,NA Capital-as-a-Service SSTN,https://coin-images.coingecko.com/coins/images/66593/large/tradable.jpg?1749883324,1.0,50600000,457.0,50600000.0,0.0,1.0,1.0,-1.11e-16,0.0,-7.450580597e-09,0.0,50600000.0,50600000.0,100000000.0,1.0,0.0,2025-07-03T02:25:10.000Z,1.0,0.0,2026-07-23T07:25:00.000Z,0,2026-09-09T11:41:10.000Z,2025-07-03 02:25:10+00:00,2026-07-23 07:25:00+00:00
toshi,toshi,Toshi,https://coin-images.coingecko.com/coins/images/31126/large/Toshi_Logo_-_Circular.png?1721677476,0.00012019,50548996,458.0,50548996.0,3863029.0,0.00012568,0.00011871,-3.451706683352e-06,-2.8205,-1466629.1706104279,-2.81959,420690000000.0,420690000000.0,420690000000.0,0.00226012,-94.68205,2025-01-26T07:05:39.000Z,1.8963e-08,633707.35067,2023-10-09T08:05:26.000Z,0,2026-09-09T11:41:10.000Z,2025-01-26 07:05:39+00:00,2023-10-09 08:05:26+00:00
space-id,id,SPACE ID,https://coin-images.coingecko.com/coins/images/29468/large/sid_token_logo_%28green2%29.png?1696528413,0.03406625,50300692,459.0,67918672.0,3931738.0,0.03473166,0.03299753,0.00013376,0.37421,169394.0,0.3379,1477383439.516638,1994841761.516638,2000000000.0,1.84,-98.14476,2024-03-17T02:31:23.000Z,0.02303165,47.91061,2026-06-06T05:03:30.000Z,0,2026-09-09T11:41:10.000Z,2024-03-17 02:31:23+00:00,2026-06-06 05:03:30+00:00
blackrock-daily-reinvestment-stablecoin-reserve-vehicle,brsrv,BlackRock Daily Reinvestment Stablecoin Reserve Vehicle,https://coin-images.coingecko.com/coins/images/102175222/large/brsrv_logo.png?1785776164,1.0,50173835,460.0,50173835.0,0.0,1.0,1.0,-1.11e-16,0.0,19521.08,0.03892,50173834.53,50173834.53,1000000000.0,1.0,0.0,2026-08-10T17:15:00.000Z,1.0,0.0,2026-08-10T17:30:00.000Z,0,2026-09-09T11:41:10.000Z,2026-08-10 17:15:00+00:00,2026-08-10 17:30:00+00:00
peanut-the-squirrel,pnut,Peanut the Squirrel,https://coin-images.coingecko.com/coins/images/51301/large/Peanut_the_Squirrel.png?1734941241,0.050148,50139071,461.0,50139071.0,7169334.0,0.051229,0.04921555,-0.000129199164990573,-0.25393,-130277.48638316989,-0.25916,999841633.334973,999841633.334973,1000000000.0,2.44,-97.94196,2024-11-13T17:20:47.000Z,0.03187374,57.33363,2024-11-04T13:41:11.000Z,0,2026-09-09T11:41:10.000Z,2024-11-13 17:20:47+00:00,2024-11-04 13:41:11+00:00
alloy-tether,ausdt,Alloy Tether,https://coin-images.coingecko.com/coins/images/38747/large/ausdt.png?1718681185,0.999682,50098975,462.0,50098975.0,3.5,0.999812,0.999665,3.8144999999999995e-05,0.011965,52452.0,0.030195,50116193.47,50116193.47,1000000000.0,1.08,-7.43827,2026-08-29T13:32:40.000Z,0.050042,1897.67115,2026-08-11T07:43:10.000Z,0,2026-09-09T11:41:10.000Z,2026-08-29 13:32:40+00:00,2026-08-11 07:43:10+00:00
fidelity-digital-dollar,fidd,Fidelity Digital Dollar,https://coin-images.coingecko.com/coins/images/102171776/large/FIDD-Green_%28792px%29.png?1769612802,0.999743,50076285,463.0,50076285.0,48487006.0,1.0,0.999204,0.00029433,0.02631,613155.0,1.23962,50090409.15,50090409.15,1000000000.0,1.011,-1.11394,2026-02-04T07:14:08.000Z,0.994161,0.56146,2026-02-04T07:05:21.000Z,0,2026-09-09T11:41:10.000Z,2026-02-04 07:14:08+00:00,2026-02-04 07:05:21+00:00
usdkg,usdkg,USDKG,https://coin-images.coingecko.com/coins/images/71116/large/USDKG_400x400.jpg?1765871330,0.999402,49970125,462.0,49970125.0,4372.5,0.99956,0.999239,4.846e-05,0.00485,2422.76,0.00485,50000000.0,50000000.0,1000000000.0,1.021,-2.12327,2026-01-23T01:26:20.000Z,0.992226,0.72331,2026-02-24T04:02:01.000Z,0,2026-09-09T11:11:10.000Z,2026-01-23 01:26:20+00:00,2026-02-24 04:02:01+00:00
polymesh,polyx,Polymesh,https://coin-images.coingecko.com/coins/images/23496/large/Polymesh-symbol.png?1696522706,0.03782467,49804207,464.0,49804207.0,1678053.0,0.03838879,0.03608824,0.00088638,2.40839,1183970.0,2.43514,1316598676.225082,1316598676.225082,1000000000.0,0.748771,-94.94843,2024-03-31T13:30:42.000Z,0.02756208,37.23446,2026-08-18T03:36:20.000Z,0,2026-09-09T11:41:10.000Z,2024-03-31 13:30:42+00:00,2026-08-18 03:36:20+00:00
magma-finance,magma,Magma Finance,https://coin-images.coingecko.com/coins/images/71100/large/magma.png?1765796989,0.260722,49688974,465.0,261520914.0,1003049.0,0.27248,0.234012,0.02192886,9.37941,4318225.0,9.51764,190000000.0,1000000000.0,1000000000.0,0.808239,-67.74192,2026-07-04T00:03:20.000Z,0.069712,274.00091,2026-04-02T19:49:00.000Z,0,2026-09-09T11:41:10.000Z,2026-07-04 00:03:20+00:00,2026-04-02 19:49:00+00:00
precious-metals-usd,pmusd,Precious Metals USD,https://coin-images.coingecko.com/coins/images/71149/large/pmUSD.png?1766015276,0.526483,49488802,466.0,49488802.0,4276.07,0.526767,0.522271,0.00224595,0.42526,209874.0,0.42589,94001203.62222221,94001203.62222221,1000000000.0,1.08,-51.23408,2026-04-12T03:19:00.000Z,0.113327,364.56991,2026-05-04T16:36:00.000Z,0,2026-09-09T11:41:10.000Z,2026-04-12 03:19:00+00:00,2026-05-04 16:36:00+00:00
gekko,gekko,GEKKO,https://coin-images.coingecko.com/coins/images/32439/large/gekko_%281%29.png?1698228341,8.18946e-07,49248406,467.0,164161354.0,45991.0,8.27255e-07,7.85869e-07,1.6487e-08,2.28577,1100848.0,2.28641,60000000000000.0,200000000000000.0,200000000000000.0,1.37e-05,-94.02329,2024-03-06T13:14:42.000Z,5.49016e-07,49.16609,2026-06-09T09:47:50.000Z,0,2026-09-09T11:41:10.000Z,2024-03-06 13:14:42+00:00,2026-06-09 09:47:50+00:00
allunity-chf,chfau,AllUnity CHF,https://coin-images.coingecko.com/coins/images/102172300/large/CHFAU_red.png?1782278502,1.24,49223808,468.0,49223808.0,7777.76,1.24,1.23,0.00336561,0.2698,132757.0,0.27043,39813863.921656,39813863.921656,1000000000.0,1.25,-1.36272,2026-08-20T14:49:00.000Z,1.23,0.81622,2026-08-13T20:55:30.000Z,0,2026-09-09T11:41:10.000Z,2026-08-20 14:49:00+00:00,2026-08-13 20:55:30+00:00
verge,xvg,Verge,https://coin-images.coingecko.com/coins/images/203/large/Verge_Coin_%28native%29_icon_200x200.jpg?1699220755,0.00297812,49208188,469.0,49306619.0,2271505.0,0.00304185,0.00286082,6.921e-05,2.45065,1147352.0,2.38729,16521951234.841335,16555000000.0,1000000000.0,0.261874,-98.86277,2017-12-23T16:00:00.000Z,2.23e-06,133173.80088,2015-02-05T16:00:00.000Z,0,2026-09-09T11:41:10.000Z,2017-12-23 16:00:00+00:00,2015-02-05 16:00:00+00:00
aelf,elf,aelf,https://coin-images.coingecko.com/coins/images/1371/large/aelf-logo.png?1696502429,0.059392,49083947,470.0,59394071.0,306758.0,0.066998,0.04506801,0.00907335,18.02826,7500203.0,18.03638,826411563.1596338,999999995.5004437,1000000000.0,2.6,-97.71931,2018-01-08T16:00:00.000Z,0.03545756,67.50108,2020-03-12T18:22:35.000Z,0,2026-09-09T11:41:10.000Z,2018-01-08 16:00:00+00:00,2020-03-12 18:22:35+00:00
bim-2,bim,BIM,https://coin-images.coingecko.com/coins/images/54860/large/bim-fi.jpg?1742179842,1.63,48952580,471.0,48952580.0,237521.0,1.64,1.6,0.01074266,0.65952,321045.0,0.66016,30000000.0,30000000.0,30000000.0,3.07,-46.86119,2025-08-24T11:22:19.000Z,0.861976,89.3086,2025-04-08T17:31:48.000Z,0,2026-09-09T11:41:10.000Z,2025-08-24 11:22:19+00:00,2025-04-08 17:31:48+00:00
pirate-chain,arrr,Pirate Chain,https://coin-images.coingecko.com/coins/images/6905/large/Pirate_Chain.png?1696507223,0.248553,48756755,472.0,49697580.0,466525.0,0.267065,0.236216,-0.010496605179360852,-4.07651,-2072309.0557854846,-4.07702,196213797.97055,200000000.0,1000000000.0,16.76,-98.51705,2021-04-23T10:13:27.000Z,0.00797788,3015.52374,2020-11-25T18:10:52.000Z,0,2026-09-09T11:41:10.000Z,2021-04-23 10:13:27+00:00,2020-11-25 18:10:52+00:00
threshold-network-token,t,Threshold Network,https://coin-images.coingecko.com/coins/images/22228/large/nFPNiSbL_400x400.jpg?1696521570,0.00439004,48752445,473.0,48752445.0,6071273.0,0.00446688,0.00426101,-4.3435379344996e-05,-1.38407,-702990.2692147121,-1.42146,11155000000.0,11155000000.0,1000000000.0,0.226934,-98.06549,2022-03-02T00:36:02.000Z,0.00315491,39.14934,2026-06-25T13:59:50.000Z,0,2026-09-09T11:41:10.000Z,2022-03-02 00:36:02+00:00,2026-06-25 13:59:50+00:00
xyo-network,xyo,XYO Network,https://coin-images.coingecko.com/coins/images/4519/large/XYO_Network-logo.png?1696505103,0.00349321,48656541,474.0,48656541.0,1688157.0,0.0035995,0.00347486,-0.000117752912284268,-2.92116,-1646863.2622389048,-3.27386,13930752875.47967,13930752875.47967,1000000000.0,0.081391,-95.7081,2021-11-05T20:44:55.000Z,9.672e-05,3511.60476,2020-03-12T18:24:24.000Z,"{'times': -0.9531410585509694, 'currency': 'eth', 'percentage': -95.31410585509694}",2026-09-09T11:41:10.000Z,2021-11-05 20:44:55+00:00,2020-03-12 18:24:24+00:00
troll-2,troll,TROLL,https://coin-images.coingecko.com/coins/images/55282/large/Untitled_design.png?1777015928,0.04886859,48626298,475.0,48626298.0,4985347.0,0.058503,0.04855003,-0.000207875258595676,-0.54616,-389747.51316379756,-0.79514,998765917.725677,998765917.725677,1000000000.0,0.282604,-82.70774,2025-08-22T13:48:29.000Z,0.00387003,1162.7433,2025-04-21T19:50:51.000Z,0,2026-09-09T11:41:10.000Z,2025-08-22 13:48:29+00:00,2025-04-21 19:50:51+00:00
flow,flow,Flow,https://coin-images.coingecko.com/coins/images/13446/large/5f6294c0c7a8cda55cb1c936_Flow_Wordmark.png?1696513210,0.02871013,48436419,476.0,48436419.0,4316870.0,0.02998369,0.02831759,-0.000104709994720568,-0.38121,-173933.09352795035,-0.35781,1686989901.3428068,1686989901.342806,1000000000.0,42.4,-99.93228,2021-04-05T05:49:10.000Z,0.02368276,21.228,2026-07-28T01:09:20.000Z,0,2026-09-09T11:41:10.000Z,2021-04-05 05:49:10+00:00,2026-07-28 01:09:20+00:00
sygnum-fiusd-liquidity-fund,fiusd,Sygnum FIUSD Liquidity Fund,https://coin-images.coingecko.com/coins/images/50749/large/FIUDS_200x200px_%281%29.png?1728956878,12016.46,48037721,477.0,48037721.0,0.0,12016.46,12015.23,1.23,0.01024,4917.12,0.01024,3997.66,3997.66,1000000000.0,12016.46,0.0,2026-09-08T22:55:10.000Z,11251.76,6.79627,2025-01-21T00:25:04.000Z,0,2026-09-09T11:41:10.000Z,2026-09-08 22:55:10+00:00,2025-01-21 00:25:04+00:00
megaeth,mega,MegaETH,https://coin-images.coingecko.com/coins/images/69995/large/9fcb2fa4-b240-46e2-9016-c4f6101a139d.jpeg?1778485816,0.04253286,48025434,478.0,425081790.0,14992453.0,0.04463039,0.04061409,0.00135951,3.30093,1508079.0,3.24197,1129792788.0,10000000000.0,10000000000.0,0.217716,-80.46402,2026-04-30T11:10:00.000Z,0.03013751,41.12931,2026-08-14T19:32:40.000Z,0,2026-09-09T11:41:10.000Z,2026-04-30 11:10:00+00:00,2026-08-14 19:32:40+00:00
celo,celo,Celo,https://coin-images.coingecko.com/coins/images/11090/large/InjXBNx9_400x400.jpg?1696511031,0.079088,47998820,479.0,79092473.0,16168152.0,0.083207,0.076262,0.00110961,1.41833,676268.0,1.42906,606869634.0,1000000000.0,1000000000.0,9.82,-99.19473,2021-08-30T06:25:09.000Z,0.055659,42.09327,2026-06-30T20:44:20.000Z,0,2026-09-09T11:41:10.000Z,2021-08-30 06:25:09+00:00,2026-06-30 20:44:20+00:00
casper-network,cspr,Casper Network,https://coin-images.coingecko.com/coins/images/15279/large/Casper_Monogram_Favicon_White_on_Red_Circle_RGB_200px.png?1749832573,0.00285003,47831381,480.0,56788115.0,1685244.0,0.00297524,0.00282349,-1.9805068761851e-05,-0.66894,-294882.74424048513,-0.61273,16773221668.0,19914115376.0,1000000000.0,1.33,-99.78498,2021-05-11T16:00:00.000Z,0.00146007,95.1975,2026-07-21T11:41:00.000Z,0,2026-09-09T11:41:10.000Z,2021-05-11 16:00:00+00:00,2026-07-21 11:41:00+00:00
loaded-lions,lion,Loaded Lions,https://coin-images.coingecko.com/coins/images/54686/large/_LION_Token_Artwork.png?1741015702,0.00155531,47763811,481.0,155683875.0,209979.0,0.0016231,0.00152511,2.901e-05,2.00002,936667.0,2.00027,30679999000.0,100000000000.0,100000000000.0,0.03159196,-95.07687,2025-08-27T18:22:49.000Z,0.00119567,30.07921,2026-08-08T08:00:40.000Z,0,2026-09-09T11:41:10.000Z,2025-08-27 18:22:49+00:00,2026-08-08 08:00:40+00:00
hydradx,hdx,Hydration,https://coin-images.coingecko.com/coins/images/13929/large/avatar-circle-pink.png?1717638991,0.00804366,47600879,482.0,51660640.0,39956.0,0.00819161,0.00779426,0.00013299,1.71327,784178.0,1.675,5918174822.0,6422921278.131422,6500000000.0,0.054409,-85.21636,2026-04-07T06:24:00.000Z,0.00135872,492.00196,2026-05-29T23:36:00.000Z,0,2026-09-09T11:41:10.000Z,2026-04-07 06:24:00+00:00,2026-05-29 23:36:00+00:00
mantis,m,Mantis,https://coin-images.coingecko.com/coins/images/54291/large/mantis-symbol.png?1739083455,0.47447,47447004,429.0,47447004.0,4702.18,0.0,0.0,3.8144999999999995e-05,0.011965,52452.0,0.030195,100000000.0,100000000.0,100000000.0,4.84,-90.18883,2026-04-24T05:15:00.000Z,0.00133677,35393.84715,2026-01-21T09:31:11.000Z,0,2026-08-15T22:22:10.000Z,2026-04-24 05:15:00+00:00,2026-01-21 09:31:11+00:00
dusk-network,dusk,DUSK,https://coin-images.coingecko.com/coins/images/5217/large/image_widget_biddfvxd454b1.png?1696505726,0.078308,47274984,483.0,47275630.0,2594710.0,0.07937,0.076197,0.00013901,0.2143,148672.0,0.31548,603045622.1524607,603060375.6595637,1000000000.0,1.09,-92.81519,2021-12-29T13:34:22.000Z,0.01113274,603.40291,2020-03-12T18:24:16.000Z,"{'times': 0.9398762590960935, 'currency': 'usd', 'percentage': 93.98762590960936}",2026-09-09T11:41:10.000Z,2021-12-29 13:34:22+00:00,2020-03-12 18:24:16+00:00
jupusd,jupusd,JupUSD,https://coin-images.coingecko.com/coins/images/70636/large/icon.png?1767003505,0.999705,47215602,484.0,47215602.0,16862244.0,0.999802,0.999461,0.00019565,0.01656,8056.75,0.01707,47230701.721096,47230701.721096,1000000000.0,1.023,-2.31915,2026-04-26T05:01:00.000Z,0.124871,700.58823,2026-07-09T09:10:50.000Z,0,2026-09-09T11:41:10.000Z,2026-04-26 05:01:00+00:00,2026-07-09 09:10:50+00:00
altlayer,alt,AltLayer,https://coin-images.coingecko.com/coins/images/34608/large/Logomark_200x200.png?1715107868,0.00660542,47068562,485.0,66048265.0,4013706.0,0.00669715,0.00650459,-3.2989972072753e-05,-0.49485,-239355.30447962135,-0.50595,7126388885.0,10000000000.0,10000000000.0,0.676743,-99.02394,2024-03-28T15:20:10.000Z,0.00536566,23.10559,2026-06-06T05:03:15.000Z,0,2026-09-09T11:41:10.000Z,2024-03-28 15:20:10+00:00,2026-06-06 05:03:15+00:00
apriori,apr,Capricorn,https://coin-images.coingecko.com/coins/images/70220/large/capricorn.jpg?1786687781,0.168493,47020265,486.0,169251797.0,5882153.0,0.192437,0.163789,-0.024030262943147945,-12.11393,-6465009.2235152945,-12.08746,277812500.0,1000000000.0,1000000000.0,0.73956,-77.21719,2025-10-23T21:11:47.000Z,0.064576,160.9198,2026-02-05T16:25:06.000Z,0,2026-09-09T11:41:10.000Z,2025-10-23 21:11:47+00:00,2026-02-05 16:25:06+00:00
